0,1,2,3,4,5,6,7,8,9,10,11,12,13,14,15
TRK-001,"Chennai Central – Tamil Nadu, India",13.0827,80.2707,2025-01-01T00:00:00+00:00,2.4077892912019903,2.0296942704495557,25.045922693523814,3.0790431355793655,60.87841038029035,49.9978257860291,41.54158543481086,0.0,6.949596527487134,0.5882263910445599,1
TRK-001,"Chennai Central – Tamil Nadu, India",13.0827,80.2707,2025-01-01T01:00:00+00:00,1.8930219415929617,2.058722244331857,26.43126063126946,2.8093612243726827,65.55568132848859,44.00253987712961,37.8919238424981,0.12425009408989987,6.949622342313161,0.5386210649455667,0
TRK-001,"Chennai Central – Tamil Nadu, India",13.0827,80.2707,2025-01-01T02:00:00+00:00,1.952247883979616,1.5593232773917203,25.908282092877165,3.254503236601335,64.0048127586131,50.458603590051354,43.58122185118592,0.12385328772368939,13.524025432790335,0.5536255870664504,1
TRK-001,"Chennai Central – Tamil Nadu, India",13.0827,80.2707,2025-01-01T03:00:00+00:00,2.18211073890895,1.828919367536041,26.359252394436552,3.086214196110627,62.19114992228455,49.06446930309852,44.24580585715089,0.0,8.629462804915585,0.5717834080318854,1
TRK-001,"Chennai Central – Tamil Nadu, India",13.0827,80.2707,2025-01-01T04:00:00+00:00,1.958535977529652,1.6044598903778113,26.1951069355849,2.7591156717674186,64.6120193588043,51.50402513766633,43.364975245088104,0.08810948833866697,2.699020131103934,0.5309260004693306,0
TRK-001,"Chennai Central – Tamil Nadu, India",13.0827,80.2707,2025-01-01T05:00:00+00:00,2.3790953253793035,1.7444909790409573,25.691331383926844,2.782051060069806,71.82830393185539,50.76109673777992,40.73314833969633,0.0,8.758666994077835,0.5622429633975307,1
TRK-001,"Chennai Central – Tamil Nadu, India",13.0827,80.2707,2025-01-01T06:00:00+00:00,1.9521701254534087,1.803202536892578,26.107174875493737,3.2317276791738023,71.68311535177979,46.21587345892891,38.61544586262379,0.0,7.427277208211696,0.5646661754936038,1
TRK-001,"Chennai Central – Tamil Nadu, India",13.0827,80.2707,2025-01-01T07:00:00+00:00,2.1154746364408,1.9100863996163349,24.072053186955653,3.200242309187384,63.56390149188634,48.58696698352718,41.13647472889448,0.03643353841219139,8.490064273086498,0.5621502748732811,1
TRK-001,"Chennai Central – Tamil Nadu, India",13.0827,80.2707,2025-01-01T08:00:00+00:00,2.259807501920938,1.58682662853514,23.76836135714276,2.806409566067571,59.86899008009504,50.06560773137435,36.27832905067017,0.07043381469123211,3.0882482146897785,0.5424169416803899,0
TRK-001,"Chennai Central – Tamil Nadu, India",13.0827,80.2707,2025-01-01T09:00:00+00:00,1.4980006793894711,1.8001166106650603,24.415061488522937,2.861644946943679,72.73187483550717,44.515985129463886,42.15615338072968,0.0,5.982900772298312,0.49969091425898027,0
TRK-001,"Chennai Central – Tamil Nadu, India",13.0827,80.2707,2025-01-01T10:00:00+00:00,1.7487386824290923,1.7766510880124904,25.58819269671609,2.9444942980678626,65.17422848099424,51.10953067097852,44.210086088751595,0.016460874912343715,11.81850537389262,0.5746764376566178,1
TRK-001,"Chennai Central – Tamil Nadu, India",13.0827,80.2707,2025-01-01T11:00:00+00:00,1.685191279822404,1.8806557305684177,24.68994988312529,2.7395481520057388,64.12104925121503,39.30264066329661,39.720095316241895,0.2555963469463474,4.424749253340503,0.5047320734516175,0
TRK-001,"Chennai Central – Tamil Nadu, India",13.0827,80.2707,2025-01-01T12:00:00+00:00,1.4023447021232642,1.7437438060273889,29.00718216731687,2.297633677525443,59.922951033082356,41.97243397287433,52.4047282676799,0.18057518814732573,8.387688450345848,0.5119914473292567,0
TRK-001,"Chennai Central – Tamil Nadu, India",13.0827,80.2707,2025-01-01T13:00:00+00:00,2.613185197633031,1.857308181026888,24.06661009461937,4.776186449091597,55.12693726037491,46.89083879007371,55.44494114135784,2.7187644154177586,6.068050273856771,0.6377198267536417,1
TRK-001,"Chennai Central – Tamil Nadu, India",13.0827,80.2707,2025-01-01T14:00:00+00:00,2.3974578418738437,1.6107090462967175,24.761735350378945,3.5617267117638525,61.100011118734706,47.59567174460971,40.330775891148825,0.0,13.385409197305494,0.5628737541176418,1
TRK-001,"Chennai Central – Tamil Nadu, India",13.0827,80.2707,2025-01-01T15:00:00+00:00,2.165033519517849,2.1942291623525993,25.101098258639997,3.0570970348914415,57.90415485306807,44.20111122016895,46.23407983448065,0.0014254765484731508,3.3243230899370344,0.5760465173782966,1
TRK-001,"Chennai Central – Tamil Nadu, India",13.0827,80.2707,2025-01-01T16:00:00+00:00,2.1952696658584374,1.4983802727428353,26.938090043214434,2.2541540813944505,77.60000981727735,54.35949891460112,43.48174541466902,0.10632590016366276,8.37133003551577,0.6005287888882217,1
TRK-001,"Chennai Central – Tamil Nadu, India",13.0827,80.2707,2025-01-01T17:00:00+00:00,1.9752334837667846,1.7682146738667537,24.334287940324607,2.822390524814523,71.35300543612873,48.30571564673089,50.941197041026,0.03401752146368148,4.343032960303466,0.5978526386093961,1
TRK-001,"Chennai Central – Tamil Nadu, India",13.0827,80.2707,2025-01-01T18:00:00+00:00,2.28754478356311,1.7361374873474562,24.657917890023363,4.007339785266704,58.318026450340014,40.59614400975361,44.85727822184599,1.9590898278983442,6.037581051440062,0.5710181622236713,1
TRK-001,"Chennai Central – Tamil Nadu, India",13.0827,80.2707,2025-01-01T19:00:00+00:00,2.993331135582581,1.8941711430417751,24.47935492796133,3.2986413375669192,70.61652593233289,47.25104029873426,50.267467851988776,1.6793255374086749,11.351733905840753,0.6089738807518461,1
TRK-001,"Chennai Central – Tamil Nadu, India",13.0827,80.2707,2025-01-01T20:00:00+00:00,1.8070599995417311,1.671351739708896,26.002525845161365,2.0422226274395006,79.98763015227709,45.32679086441831,46.11693648315708,0.0,14.55242211260176,0.5451793243344117,0
TRK-001,"Chennai Central – Tamil Nadu, India",13.0827,80.2707,2025-01-01T21:00:00+00:00,1.9206761312710583,1.542364365639461,23.168456116949336,2.8357692061467232,59.41281699028847,37.50753686440941,43.409341640787325,0.0,6.512002238365277,0.491843859611228,0
TRK-001,"Chennai Central – Tamil Nadu, India",13.0827,80.2707,2025-01-01T22:00:00+00:00,1.9773775545852392,1.85624407465523,27.966173694378103,3.858975049999181,58.648751471528016,41.60909657925995,41.91246872110029,0.0,15.71520150772122,0.5510342388191505,1
TRK-001,"Chennai Central – Tamil Nadu, India",13.0827,80.2707,2025-01-01T23:00:00+00:00,2.0463568088037802,1.8401377390101086,25.552000580549524,2.6606793328666467,65.18250166548275,47.486487136473436,45.6000083223641,0.13217192893599422,2.98105011803885,0.5820411946539292,1
TRK-001,"Chennai Central – Tamil Nadu, India",13.0827,80.2707,2025-01-02T00:00:00+00:00,2.103336589492037,2.31470750775479,25.73458748684487,3.8496393692678685,69.06517770501857,49.273694329018,47.55630926329696,0.12221076900790442,4.933094514577782,0.5735077605188709,1
TRK-001,"Chennai Central – Tamil Nadu, India",13.0827,80.2707,2025-01-02T01:00:00+00:00,1.5243486013629253,1.9308403718195042,27.186330744358838,3.029593838764977,70.21072169704668,42.15245370548324,43.13193561172822,0.1113389260289789,7.877318816264599,0.5277506120720399,0
TRK-001,"Chennai Central – Tamil Nadu, India",13.0827,80.2707,2025-01-02T02:00:00+00:00,2.6439999184068057,1.2366637509326313,25.66245006750054,3.0357444771060638,67.9176554580227,47.74409963663645,46.596501495935605,0.08629601580274923,6.313104678021543,0.572463228247384,1
TRK-001,"Chennai Central – Tamil Nadu, India",13.0827,80.2707,2025-01-02T03:00:00+00:00,1.9927046544273668,1.7589934314800093,27.91987655043423,2.3381228317862397,72.89651396919272,45.40757694292179,49.01806943195443,0.0,2.3984157852515873,0.5829847194963812,1
TRK-001,"Chennai Central – Tamil Nadu, India",13.0827,80.2707,2025-01-02T04:00:00+00:00,2.4697384511735145,1.7767105860414034,26.247409555773753,3.1934806248499363,69.9226699844735,44.68345815196733,53.85555174117079,0.28787739264919326,12.462105492622731,0.6048427511160523,1
TRK-001,"Chennai Central – Tamil Nadu, India",13.0827,80.2707,2025-01-02T05:00:00+00:00,2.407499651915167,1.44808845163891,27.20050199637451,3.070505999833685,79.59424097683302,44.53437574633653,48.21775964183354,0.17388204109011934,9.391712599065874,0.5512195795058114,1
TRK-001,"Chennai Central – Tamil Nadu, India",13.0827,80.2707,2025-01-02T06:00:00+00:00,1.9127696755941048,1.8401474862371372,24.604848894317204,3.5659841135589208,58.333796827637514,47.554603519815366,46.40761681933483,0.15650405730772352,7.2235495244749615,0.5070151897024378,0
TRK-001,"Chennai Central – Tamil Nadu, India",13.0827,80.2707,2025-01-02T07:00:00+00:00,2.3378057371424945,1.4349556873420584,27.812418273322553,3.8748643209721627,62.71199389696767,48.148420572979546,50.881902567830494,0.08864402878790935,0.8812003926160991,0.5974001183627428,1
TRK-001,"Chennai Central – Tamil Nadu, India",13.0827,80.2707,2025-01-02T08:00:00+00:00,1.8513543436199118,1.7158432931903185,26.125753678659354,2.831931103893553,68.74212054827748,47.87820725624832,54.15256783274893,0.17765164279594525,7.845323992332844,0.5848828223333993,1
TRK-001,"Chennai Central – Tamil Nadu, India",13.0827,80.2707,2025-01-02T09:00:00+00:00,2.4211815799518495,1.846957733962157,25.02826669004432,3.818755409020811,68.26586121612377,51.217924387375234,55.65197908095107,0.06499891636165069,4.585249081218359,0.6203192573086842,1
TRK-001,"Chennai Central – Tamil Nadu, India",13.0827,80.2707,2025-01-02T10:00:00+00:00,3.3948838434792408,2.327484652459982,21.0720112029977,3.7793065314284835,63.645821856607625,42.59571977425169,68.90438864005421,4.989775580622953,15.804583549049786,0.6070020569586237,1
TRK-001,"Chennai Central – Tamil Nadu, India",13.0827,80.2707,2025-01-02T11:00:00+00:00,2.1621794044824503,1.6851236616042558,26.254436482831526,3.2682423392614353,50.6789938168769,46.268423365034,52.695076210813305,0.13275639272203923,2.8679074625005323,0.5692498813907586,1
TRK-001,"Chennai Central – Tamil Nadu, India",13.0827,80.2707,2025-01-02T12:00:00+00:00,2.7005813947750497,1.790980094412988,24.555652248332436,3.761351108674154,68.22715054990411,46.88002627768092,57.34074872878282,1.2125804734071233,7.4312301372313225,0.5997123421277485,1
TRK-001,"Chennai Central – Tamil Nadu, India",13.0827,80.2707,2025-01-02T13:00:00+00:00,2.3728379335437477,1.7659588160849549,24.24729608537194,3.166370569737287,62.10186679221917,50.15852131883302,45.48855773619732,0.0,0.0,0.6071832474080542,1
TRK-001,"Chennai Central – Tamil Nadu, India",13.0827,80.2707,2025-01-02T14:00:00+00:00,1.592633047853149,1.4905169865451653,26.15494074078297,2.5883373726671346,62.688915407914266,47.87340070731363,56.39438724785346,0.0,4.487805328517614,0.586146378019263,1
TRK-001,"Chennai Central – Tamil Nadu, India",13.0827,80.2707,2025-01-02T15:00:00+00:00,2.4677943569595375,1.7015294802418937,26.569026417039897,2.830424938668162,54.033377092372696,39.61536869141839,47.63324627642436,0.12713929619119027,6.708451484889772,0.5389784812062802,0
TRK-001,"Chennai Central – Tamil Nadu, India",13.0827,80.2707,2025-01-02T16:00:00+00:00,1.6088127783505382,1.9823516090181077,26.487290458188,2.6243781047615995,64.45021481725476,49.52227887967865,53.13862778942119,0.057290679087631344,11.007817509854606,0.5668455390047584,1
TRK-001,"Chennai Central – Tamil Nadu, India",13.0827,80.2707,2025-01-02T17:00:00+00:00,2.5188224350211263,1.649935690759045,28.531847452202577,3.3252615276698294,67.97105202652493,47.16360464194327,60.195269200948246,0.12185310728555541,7.30562589122678,0.5967306827982635,1
TRK-001,"Chennai Central – Tamil Nadu, India",13.0827,80.2707,2025-01-02T18:00:00+00:00,2.7899907685486993,2.1814396238005935,24.778400588042583,2.6781005850856676,64.79737676676407,47.528212421589835,43.9218053852198,0.0,5.623974145182001,0.5758843827789807,1
TRK-001,"Chennai Central – Tamil Nadu, India",13.0827,80.2707,2025-01-02T19:00:00+00:00,2.1400230616194897,2.450568278872529,25.67999087476098,3.1287478660052144,58.85615029030858,50.65772918638774,55.41016122874245,0.10223907792984585,10.273345860546954,0.5970549976471284,1
TRK-001,"Chennai Central – Tamil Nadu, India",13.0827,80.2707,2025-01-02T20:00:00+00:00,2.363780715800019,2.108476222012409,25.185301255037103,3.279430431621245,60.888957549005035,44.531194623001625,52.447169566144396,0.07318601667287702,8.349452890210962,0.5941799417673607,1
TRK-001,"Chennai Central – Tamil Nadu, India",13.0827,80.2707,2025-01-02T21:00:00+00:00,2.6382323317327887,2.105066373951572,25.677556038606724,2.8086842409368513,56.38429206171497,38.466983118596175,46.591688640819285,0.1922656550558179,1.1813765386726616,0.49487244250777146,0
TRK-001,"Chennai Central – Tamil Nadu, India",13.0827,80.2707,2025-01-02T22:00:00+00:00,2.1016481695690814,1.8204894297748675,25.33894119775838,3.014516827018591,55.923009402344306,47.345113412604896,56.68234524341605,0.3704498014696883,8.691600469676668,0.5801070617469223,1
TRK-001,"Chennai Central – Tamil Nadu, India",13.0827,80.2707,2025-01-02T23:00:00+00:00,2.580908172469779,1.8246690643197547,28.169701413389717,3.909834738235108,60.63584828330349,44.72257155912641,57.365497971132974,0.0,4.089551441045762,0.6311887481024726,1
TRK-001,"Chennai Central – Tamil Nadu, India",13.0827,80.2707,2025-01-03T00:00:00+00:00,2.299732160794343,1.4362805300887973,25.74477063739432,3.41840946610041,63.70976841710693,44.18690455429634,60.79065902465921,0.11098745879872343,4.265423679264104,0.6018791194981591,1
TRK-001,"Chennai Central – Tamil Nadu, India",13.0827,80.2707,2025-01-03T01:00:00+00:00,2.0252710228496245,1.7442136972262312,25.262411594284586,3.0565879754334415,65.59513149515712,42.06734572251548,47.655843116797016,0.0,7.74299770332683,0.5703823902414757,1
TRK-001,"Chennai Central – Tamil Nadu, India",13.0827,80.2707,2025-01-03T02:00:00+00:00,2.038309942305877,1.5979176461033782,26.566068958686618,2.4138269706445468,66.24005867593785,40.55598220633697,57.446728564949,0.1262045525187321,13.206183550208188,0.5260049685424659,0
TRK-001,"Chennai Central – Tamil Nadu, India",13.0827,80.2707,2025-01-03T03:00:00+00:00,2.088674635462387,1.631332254940062,25.31443544796704,3.3000443906792856,72.02560657941204,48.45800420394395,55.71495391909804,0.12011541541972573,9.79664602439567,0.537795416545183,0
TRK-001,"Chennai Central – Tamil Nadu, India",13.0827,80.2707,2025-01-03T04:00:00+00:00,2.8695060580213,1.8565683841484004,25.904862860679252,3.760219415939058,76.2030205733906,40.032762455428625,56.831941048389176,1.271664461733886,3.6528641136137416,0.5720055711753547,1
TRK-001,"Chennai Central – Tamil Nadu, India",13.0827,80.2707,2025-01-03T05:00:00+00:00,2.197499135337369,2.2151590462280937,28.729466561668325,2.335627356288286,60.98747404470906,45.52082869835659,58.51568179739738,0.0,3.470155841712094,0.6209530345085201,1
TRK-001,"Chennai Central – Tamil Nadu, India",13.0827,80.2707,2025-01-03T06:00:00+00:00,2.4070700031819396,1.9065296769220048,24.800768869454675,2.113068722985579,63.20559898331753,46.952793006096435,49.48141373009008,0.029130349709619426,5.752484460385181,0.5496732857665846,0
TRK-001,"Chennai Central – Tamil Nadu, India",13.0827,80.2707,2025-01-03T07:00:00+00:00,1.5257026625679422,1.839807981459094,27.02195854042098,2.205399507156039,69.98641342085884,46.58488871845081,53.73900478968814,0.0,9.28877944701081,0.5071053696529536,0
TRK-001,"Chennai Central – Tamil Nadu, India",13.0827,80.2707,2025-01-03T08:00:00+00:00,2.6238590794218632,1.7710446917896987,27.249243911520757,3.177015138590357,62.55188026355513,47.17983375941231,51.468072753810944,0.0,7.724933565030254,0.567706728331264,1
TRK-001,"Chennai Central – Tamil Nadu, India",13.0827,80.2707,2025-01-03T09:00:00+00:00,2.6800591891305197,2.5277352018957457,28.047964153566312,2.9568600967377523,49.96025555679898,35.641292406595,55.26471654623937,0.0,3.8782418424627005,0.5781647149331423,1
TRK-001,"Chennai Central – Tamil Nadu, India",13.0827,80.2707,2025-01-03T10:00:00+00:00,2.3755371403507657,2.3550543304341827,27.099867589845882,3.182788179702199,56.38887853457027,43.32997176859306,52.998630512670644,0.057209139077329156,8.619289437120122,0.5825811311545316,1
TRK-001,"Chennai Central – Tamil Nadu, India",13.0827,80.2707,2025-01-03T11:00:00+00:00,2.7005614219919205,1.6181551945732686,25.984718877467838,3.5113909888389356,65.6305087366707,48.426682027815424,58.192307972135005,0.0,12.543475038868136,0.573147647848016,1
TRK-001,"Chennai Central – Tamil Nadu, India",13.0827,80.2707,2025-01-03T12:00:00+00:00,2.0536417532845435,1.7703896786127855,24.330515617660996,2.080975645776743,60.53275620975782,37.5759044976509,57.45221431300521,0.22550226041979204,7.1277133289034955,0.5552523349405603,1
TRK-001,"Chennai Central – Tamil Nadu, India",13.0827,80.2707,2025-01-03T13:00:00+00:00,2.4099030390338383,1.935329481402536,26.820879875445783,4.398563741399336,57.631906395897715,47.973478220845635,61.29450843524976,0.0,4.858375527890548,0.6166752223052273,1
TRK-001,"Chennai Central – Tamil Nadu, India",13.0827,80.2707,2025-01-03T14:00:00+00:00,1.9944722001325168,1.9794267208414402,27.927580247172074,3.8120731469173723,63.80186556269767,44.71386936165745,61.67632462655135,0.17801310406409493,5.578441727339422,0.5752589360879785,1
TRK-001,"Chennai Central – Tamil Nadu, India",13.0827,80.2707,2025-01-03T15:00:00+00:00,1.3184423432120145,1.432855301355687,23.807675167881598,2.2168770065308356,61.37280353557529,42.96346067079326,62.78192446727895,0.05050861999845183,4.560291755248078,0.5549077954078004,1
TRK-001,"Chennai Central – Tamil Nadu, India",13.0827,80.2707,2025-01-03T16:00:00+00:00,2.3137166869053964,1.7778281775146048,27.814679263325075,3.412780551859889,60.47569368585527,45.64558352656006,58.85045229043851,0.0,4.072123551655285,0.5994617996640493,1
TRK-001,"Chennai Central – Tamil Nadu, India",13.0827,80.2707,2025-01-03T17:00:00+00:00,2.015313436471344,1.5301010149744998,25.077997262531948,2.919694115916791,71.64996112022804,51.66598193012837,58.855062565340894,0.07854984190540791,2.372406029918261,0.5145924004059673,0
TRK-001,"Chennai Central – Tamil Nadu, India",13.0827,80.2707,2025-01-03T18:00:00+00:00,1.726956512038466,1.851690805666225,26.93617615644022,2.884813265641773,58.86859143942179,46.523533365177585,65.53235622782385,0.0,9.30195172138368,0.5623335471777801,1
TRK-001,"Chennai Central – Tamil Nadu, India",13.0827,80.2707,2025-01-03T19:00:00+00:00,2.4944332887201965,2.159668333078584,27.53678358571023,2.5855124037112125,51.11883798591942,35.62403624605986,63.497197083021334,0.0989742901886131,2.2195634489755807,0.5766109110977176,1
TRK-001,"Chennai Central – Tamil Nadu, India",13.0827,80.2707,2025-01-03T20:00:00+00:00,2.088548774920071,1.5442319601313512,26.044791048599006,4.1815275921447,66.929876915,54.797168362583754,63.53933555757519,0.29571134269211774,4.557177209399106,0.6277401230049307,1
TRK-001,"Chennai Central – Tamil Nadu, India",13.0827,80.2707,2025-01-03T21:00:00+00:00,2.4243039066541834,2.0111497274925414,27.09936166915346,3.332116535164392,71.29731587333436,40.72978996981432,63.87967256332195,0.18260231891567347,10.89507765626387,0.5930818374448409,1
TRK-001,"Chennai Central – Tamil Nadu, India",13.0827,80.2707,2025-01-03T22:00:00+00:00,2.5926518951640434,1.8820755289699986,28.75535758097289,3.2702232157370568,68.63621179129653,43.024723929853366,67.61577887919869,0.0,11.077661800886837,0.6074722302535995,1
TRK-001,"Chennai Central – Tamil Nadu, India",13.0827,80.2707,2025-01-03T23:00:00+00:00,2.1242237651244924,1.8665139594719604,26.605894960439162,3.019783912317257,73.10921117289928,46.83132761104625,60.97968500913581,0.0,12.39268349993392,0.553317833944452,1
TRK-001,"Chennai Central – Tamil Nadu, India",13.0827,80.2707,2025-01-04T00:00:00+00:00,2.077562996931051,2.045980154594196,27.336094452710757,3.5624411283157325,54.34276529372886,48.55263606897888,56.47728850459124,0.0,8.173793979799704,0.5856168892461271,1
TRK-001,"Chennai Central – Tamil Nadu, India",13.0827,80.2707,2025-01-04T01:00:00+00:00,2.074507348880301,1.485717833724353,27.198871124071477,2.804022203179512,74.5495754257,48.52287016698381,63.14907405387664,0.0,10.861993334815196,0.5656887001314704,1
TRK-001,"Chennai Central – Tamil Nadu, India",13.0827,80.2707,2025-01-04T02:00:00+00:00,2.2340952178695974,1.8908077671993642,25.95603686307228,2.4370194159610024,64.03576981240097,43.35018699887132,60.486249548080046,0.11034617779638786,8.02263544514743,0.604774872821285,1
TRK-001,"Chennai Central – Tamil Nadu, India",13.0827,80.2707,2025-01-04T03:00:00+00:00,2.161723627831625,1.7817279922324534,24.187012465079608,3.7088710925704076,67.0534874993421,36.528496871549414,58.17299931700536,0.1181827385209494,1.5090107310892251,0.579259892469799,1
TRK-001,"Chennai Central – Tamil Nadu, India",13.0827,80.2707,2025-01-04T04:00:00+00:00,2.6212615037913856,2.344206834122651,25.903862929694284,2.988324921273841,64.56588383814413,53.91758424032104,61.115012527411885,0.0,4.316961861767414,0.6161082891974848,1
TRK-001,"Chennai Central – Tamil Nadu, India",13.0827,80.2707,2025-01-04T05:00:00+00:00,1.8915848681410579,2.0105647701241587,27.232787092566063,2.7366300541128274,72.80871689721893,45.12630360187591,63.71701322461077,0.06880416204158099,16.59160436773587,0.5965834593271866,1
TRK-001,"Chennai Central – Tamil Nadu, India",13.0827,80.2707,2025-01-04T06:00:00+00:00,2.3838688831742316,1.6017792890114027,27.197132477245813,2.326561303568621,53.290949344367505,42.89085743390364,63.708137529294,0.11342910974141673,8.365640980101581,0.5658990852375101,1
TRK-001,"Chennai Central – Tamil Nadu, India",13.0827,80.2707,2025-01-04T07:00:00+00:00,2.2650293856939796,1.5764999859747268,26.293119617535424,3.4938933913343315,66.52360698093003,47.212037108547754,58.82709242318123,0.17972382292015693,5.389156653537124,0.532981764479539,0
TRK-001,"Chennai Central – Tamil Nadu, India",13.0827,80.2707,2025-01-04T08:00:00+00:00,2.648914370577988,1.6123219947411402,26.37970164859946,2.7355708862296555,68.42863674987667,42.44069138974082,65.9801650656783,0.7778252727272398,7.538312848591137,0.5911456262564979,1
TRK-001,"Chennai Central – Tamil Nadu, India",13.0827,80.2707,2025-01-04T09:00:00+00:00,1.9871892448747988,1.7940708796117244,24.85524776251467,2.7904267214781475,62.945615660838904,49.44570236386722,54.13206022051536,0.028239267411258748,4.523481245540972,0.5491261990512721,0
TRK-001,"Chennai Central – Tamil Nadu, India",13.0827,80.2707,2025-01-04T10:00:00+00:00,2.71361310983086,1.7453049549442612,27.334531139125428,4.377338235686669,65.81762044387824,47.247760838983275,58.70361441054273,0.1374650646224554,7.417631602876765,0.5771884936105995,1
TRK-001,"Chennai Central – Tamil Nadu, India",13.0827,80.2707,2025-01-04T11:00:00+00:00,2.4692267655511104,2.15133533969694,27.433581126982265,3.914970957785222,62.4945439715256,48.89841188881264,61.55688719488361,0.0,8.666746265950374,0.6448176894331941,1
TRK-001,"Chennai Central – Tamil Nadu, India",13.0827,80.2707,2025-01-04T12:00:00+00:00,2.7931437350092994,1.8715585652083477,27.100825245473807,3.4771567454120547,65.68661297965728,46.26763268419521,61.527969312070255,0.041851214164584497,5.319133313741456,0.6058620776854537,1
TRK-001,"Chennai Central – Tamil Nadu, India",13.0827,80.2707,2025-01-04T13:00:00+00:00,2.123147733481576,1.7850233674735771,28.173629079267705,3.924246838685996,70.97654607555462,51.67437347811939,76.17942991012004,1.606983318751687,9.21444690072885,0.6196226330225987,1
TRK-001,"Chennai Central – Tamil Nadu, India",13.0827,80.2707,2025-01-04T14:00:00+00:00,1.1335042103418111,1.7445744224798578,27.29962887722554,0.6877947540453779,69.20060667183657,36.609645302469005,70.70566696557748,0.13889200507925825,6.044018657350303,0.5209291935621917,0
TRK-001,"Chennai Central – Tamil Nadu, India",13.0827,80.2707,2025-01-04T15:00:00+00:00,2.1241020506206127,1.9095610860569963,28.68811521061623,3.8964212063460217,82.5501600601263,51.01948544427606,62.75592079676052,0.0,5.547909605281971,0.578170468313691,1
TRK-001,"Chennai Central – Tamil Nadu, India",13.0827,80.2707,2025-01-04T16:00:00+00:00,2.156104591723337,1.7421769101346984,26.720250852060747,2.9796050290601337,73.32022217361745,48.55898171369297,60.70049407282295,0.07572671165718908,4.834005087333441,0.5953128743680913,1
TRK-001,"Chennai Central – Tamil Nadu, India",13.0827,80.2707,2025-01-04T17:00:00+00:00,2.2875229485675064,1.4514273692109572,26.59197800395047,3.1920170178192087,69.95640683898714,50.27485081596606,70.52418855586681,0.0,2.7494737222093777,0.599228445712533,1
TRK-001,"Chennai Central – Tamil Nadu, India",13.0827,80.2707,2025-01-04T18:00:00+00:00,2.643374353803912,2.339838321021524,26.745329333987517,3.914226631905727,72.9436071392435,48.57013347946739,67.67516733923851,0.0,5.551629523826065,0.6371189377157223,1
TRK-001,"Chennai Central – Tamil Nadu, India",13.0827,80.2707,2025-01-04T19:00:00+00:00,2.0044827991162313,1.9477041520633163,28.071416507221496,2.993484143506263,61.74470931868978,46.606200568361174,67.49430628495433,0.09454135391593543,6.897785145054952,0.598886621883507,1
TRK-001,"Chennai Central – Tamil Nadu, India",13.0827,80.2707,2025-01-04T20:00:00+00:00,1.5896018670857435,1.461788080116903,25.584761144883018,2.304839011622962,63.344504667006994,44.68459861448539,69.02999968268404,0.17074977963557672,11.463514197267195,0.5398307158252288,0
TRK-001,"Chennai Central – Tamil Nadu, India",13.0827,80.2707,2025-01-04T21:00:00+00:00,1.8675647657485397,1.6766169072418862,26.59518200569542,2.2014960050475403,71.16266054932107,46.292469235206525,76.08792775005716,1.9154635378684621,9.761856202280848,0.5738892513146874,1
TRK-001,"Chennai Central – Tamil Nadu, India",13.0827,80.2707,2025-01-04T22:00:00+00:00,2.1819089132918563,2.0647590121636,26.483724186139494,2.7813531356077594,63.15429441203521,48.65858901917906,68.99900326406292,0.2225161271265345,8.633496239338442,0.6095555123838889,1
TRK-001,"Chennai Central – Tamil Nadu, India",13.0827,80.2707,2025-01-04T23:00:00+00:00,1.9880869900577254,1.9230654400374123,27.241065137268023,2.489015889194629,60.83527574327642,46.24549121329504,71.10709349355449,0.1968672953860881,4.870523462225914,0.5461623283407593,0
TRK-001,"Chennai Central – Tamil Nadu, India",13.0827,80.2707,2025-01-05T00:00:00+00:00,2.2945364306819345,1.8662391120698227,25.539613552526532,3.3412716307124595,67.89861477121637,46.476010475124454,77.902215455266,0.09315773054888103,11.490569883909505,0.6406739708571716,1
TRK-001,"Chennai Central – Tamil Nadu, India",13.0827,80.2707,2025-01-05T01:00:00+00:00,2.6873827074406575,1.8803718920574295,27.08052804660468,3.1572907842421536,70.03488391573805,43.17143495949479,66.2548896005565,0.21586814866150972,3.95680686205855,0.5926640705153371,1
TRK-001,"Chennai Central – Tamil Nadu, India",13.0827,80.2707,2025-01-05T02:00:00+00:00,2.630261398788763,1.9517130467372277,28.865381294346857,3.109164454055769,62.7436222778091,47.80339228095878,69.09190075697512,0.0,15.42763258368851,0.6067660117419874,1
TRK-001,"Chennai Central – Tamil Nadu, India",13.0827,80.2707,2025-01-05T03:00:00+00:00,1.9273099928102666,1.7806325073695202,25.436522652249398,3.3920126483231092,64.91281724270542,46.977081128050315,62.92817289638679,0.0310000204607997,8.98453466621232,0.5610801978153589,1
TRK-001,"Chennai Central – Tamil Nadu, India",13.0827,80.2707,2025-01-05T04:00:00+00:00,2.541998269041632,2.030584418172382,27.88367771340318,3.5100015602204517,75.54343785100208,51.08193019506223,75.20892996305663,0.0719505884538467,9.978551004795348,0.5961768338340648,1
TRK-001,"Chennai Central – Tamil Nadu, India",13.0827,80.2707,2025-01-05T05:00:00+00:00,2.0336745855079044,1.5078690232181131,28.91227822455899,2.8535015260208234,77.26150590110645,48.626217716212814,65.62961789274864,0.0,9.520660488082592,0.5760227320570772,1
TRK-001,"Chennai Central – Tamil Nadu, India",13.0827,80.2707,2025-01-05T06:00:00+00:00,1.9040390187591913,1.7164356013222735,26.10860741322168,2.8772334206430523,66.87147772460487,44.9818630052873,71.0144306010224,0.14971323499379807,8.470722422126478,0.6181290997307021,1
TRK-001,"Chennai Central – Tamil Nadu, India",13.0827,80.2707,2025-01-05T07:00:00+00:00,2.625610911399097,1.8498133998477926,26.293217704622002,3.915711625152173,62.04874914006891,47.06433988100192,61.01572306924824,0.050732466778719475,6.251365700053917,0.605088660463422,1
TRK-001,"Chennai Central – Tamil Nadu, India",13.0827,80.2707,2025-01-05T08:00:00+00:00,2.1548135418608476,1.988449769770206,24.5896862856461,3.3106491748883347,63.04752205591261,44.43808568552609,76.5904302556503,0.08045555019457509,1.0597272068396235,0.6232201738714656,1
TRK-001,"Chennai Central – Tamil Nadu, India",13.0827,80.2707,2025-01-05T09:00:00+00:00,2.194135982086604,1.8227536147124215,27.711388312423022,3.8804786185765194,71.73443574630544,38.56723390120419,73.83885272411487,0.10208693975258787,5.397220471453419,0.5575951287933496,1
TRK-001,"Chennai Central – Tamil Nadu, India",13.0827,80.2707,2025-01-05T10:00:00+00:00,2.9993850256572836,2.4018973859403707,25.630067560964388,3.110041821460735,60.823826123640416,44.53098608763352,68.8890823466801,0.03640872229174333,4.073652880900916,0.5935046724872984,1
TRK-001,"Chennai Central – Tamil Nadu, India",13.0827,80.2707,2025-01-05T11:00:00+00:00,2.1989822492333873,1.9151532532302207,27.344053145253483,3.2940962570123578,61.5158966651336,40.40391507849887,66.21187856385401,0.06597437763097712,2.2521619549743495,0.6019179024084375,1
TRK-001,"Chennai Central – Tamil Nadu, India",13.0827,80.2707,2025-01-05T12:00:00+00:00,2.3842775506858467,1.8182045266640008,25.771014150264325,3.995042804504177,69.40726406775178,52.21346502299987,70.69356424596758,0.15594294975287676,6.176161246058737,0.6095714891538282,1
TRK-001,"Chennai Central – Tamil Nadu, India",13.0827,80.2707,2025-01-05T13:00:00+00:00,2.830847389234895,1.594470790878509,23.908416002327943,4.073410653608265,77.24414938044237,51.875166344343825,95.24595344969899,4.280828273338736,7.645063285199537,0.6528390061353412,1
TRK-001,"Chennai Central – Tamil Nadu, India",13.0827,80.2707,2025-01-05T14:00:00+00:00,2.4416891163469083,1.7407747825180955,26.488785874939182,3.0328610256254476,68.9322953716043,44.22174157010496,67.59505384550177,0.0,13.844898631828185,0.5217641329341427,0
TRK-001,"Chennai Central – Tamil Nadu, India",13.0827,80.2707,2025-01-05T15:00:00+00:00,2.5833055227295265,1.98865181780274,26.131520497239062,3.6158425308855406,66.53866469937493,43.74821616081441,61.604262626792924,0.0,10.974867038144893,0.6125225412404415,1
TRK-001,"Chennai Central – Tamil Nadu, India",13.0827,80.2707,2025-01-05T16:00:00+00:00,1.7201486295975756,1.7696308551652502,28.26171399836984,3.066618509643645,58.990338847408445,41.3773637119361,73.0390112101339,0.010802324931956847,5.359983996555317,0.567570516067044,1
TRK-001,"Chennai Central – Tamil Nadu, India",13.0827,80.2707,2025-01-05T17:00:00+00:00,1.9848816679863064,2.051783357949164,29.064697082057986,3.053389666211159,78.63482134007157,47.025000721407764,77.73133521089076,0.1541828857598361,4.119472010338237,0.5546388280875685,1
TRK-001,"Chennai Central – Tamil Nadu, India",13.0827,80.2707,2025-01-05T18:00:00+00:00,1.8785754490499222,1.616638376280014,29.451265828036888,3.3669484473718327,68.96351307094031,46.845053218163365,74.92087743851833,0.0,4.60926703210993,0.6272344009075375,1
TRK-001,"Chennai Central – Tamil Nadu, India",13.0827,80.2707,2025-01-05T19:00:00+00:00,2.142302722584187,1.6071450428767224,28.507770969023145,3.4481380764075826,66.50280601044433,49.40835128651801,72.38072339697698,0.19992035989693868,5.818463315927711,0.6081293809350105,1
TRK-001,"Chennai Central – Tamil Nadu, India",13.0827,80.2707,2025-01-05T20:00:00+00:00,2.7753248523411798,2.322663838641777,26.417711029498204,4.308542267503809,67.01320508610729,47.49018088093091,83.4616678717464,3.408820642225346,7.856254446005639,0.6842713589707656,1
TRK-001,"Chennai Central – Tamil Nadu, India",13.0827,80.2707,2025-01-05T21:00:00+00:00,2.1251849587906833,2.3147046299984955,27.768658221273228,3.482796188834407,57.564945150075566,45.72303898533676,74.63932133207567,0.0,7.751338900782282,0.5952922016096102,1
TRK-001,"Chennai Central – Tamil Nadu, India",13.0827,80.2707,2025-01-05T22:00:00+00:00,1.7284888949184791,1.5092215074848923,28.73228816480379,2.920789906773968,62.2197996271577,36.702011318863796,72.61131839696347,0.0,2.273142018488155,0.566911291124093,1
TRK-001,"Chennai Central – Tamil Nadu, India",13.0827,80.2707,2025-01-05T23:00:00+00:00,2.0247200029032038,1.5031594878562997,26.518657779984533,3.4507687244776415,47.4037579082054,40.19591737231521,61.977132774048926,0.0498676894355705,10.738599953856546,0.568578226690823,1
TRK-001,"Chennai Central – Tamil Nadu, India",13.0827,80.2707,2025-01-06T00:00:00+00:00,1.9430797117908318,1.6451120938816746,28.061930756712044,3.0307967588131057,75.18261281636161,41.673325386040005,72.20476889469967,0.3003471007676024,2.7851112432317735,0.57949429411629,1
TRK-001,"Chennai Central – Tamil Nadu, India",13.0827,80.2707,2025-01-06T01:00:00+00:00,1.7870757019044934,1.9796792933506522,27.576230873295025,3.091417607271991,53.703796511544056,45.21886556033861,66.02969639792651,0.115152058819675,9.31820835599421,0.6190461859300241,1
TRK-001,"Chennai Central – Tamil Nadu, India",13.0827,80.2707,2025-01-06T02:00:00+00:00,2.7844370156286846,1.7886457535480667,26.555208634498147,3.192117043932309,69.84429266103534,56.94711458139587,90.80882893538733,1.9841984187797228,6.193710444168293,0.653160386251044,1
TRK-001,"Chennai Central – Tamil Nadu, India",13.0827,80.2707,2025-01-06T03:00:00+00:00,2.305922739698905,2.3222044183272676,27.426921645971877,3.4010136631245427,57.80654199568358,43.64231320519898,72.45130660772237,0.18991163627355184,8.838747924762322,0.5932423386713899,1
TRK-001,"Chennai Central – Tamil Nadu, India",13.0827,80.2707,2025-01-06T04:00:00+00:00,2.014800903730043,1.8918265680716304,28.921573569747437,2.3885154027371356,72.88371822619035,52.130475578630694,70.9090825418231,0.049524478634266275,1.8399922732804637,0.6179874670857661,1
TRK-001,"Chennai Central – Tamil Nadu, India",13.0827,80.2707,2025-01-06T05:00:00+00:00,2.2631818976448805,1.9765527981384245,28.353978427274694,3.1811369698116208,66.6796361869097,47.81064908968015,75.62741907979667,0.0,2.1841862586022973,0.6403279318533118,1
TRK-001,"Chennai Central – Tamil Nadu, India",13.0827,80.2707,2025-01-06T06:00:00+00:00,2.5729448054387816,1.615657479040489,27.691923064697797,3.377812988427557,67.50899928093159,43.6124560786219,71.12463153496157,0.0,1.7437042818190864,0.5785065955079118,1
TRK-001,"Chennai Central – Tamil Nadu, India",13.0827,80.2707,2025-01-06T07:00:00+00:00,2.0760126641760244,1.951880327844545,25.657908110589087,2.2479210386120245,71.0682849974509,51.07730324031486,74.38096041707699,0.014893061586581005,12.598867133453906,0.5815795167485566,1
TRK-001,"Chennai Central – Tamil Nadu, India",13.0827,80.2707,2025-01-06T08:00:00+00:00,2.1386212925499217,1.9465144326621655,28.75519101868131,2.817127237890315,71.41195486312668,56.01105533398281,70.3067680644978,0.02100132620414187,7.7845216112759825,0.5629840748717514,1
TRK-001,"Chennai Central – Tamil Nadu, India",13.0827,80.2707,2025-01-06T09:00:00+00:00,2.207578849911388,1.7751445485245114,30.506368265059596,3.012973465654921,73.64769092106579,49.371994461640746,70.18081438995115,0.24414889408651647,10.181789964105167,0.628527660292627,1
TRK-001,"Chennai Central – Tamil Nadu, India",13.0827,80.2707,2025-01-06T10:00:00+00:00,2.042193773987335,1.5709455831571628,29.079877954597386,2.532452170009742,72.06821021898028,40.29124145616521,75.9726829078519,0.0,8.963978585343359,0.5742089905147991,1
TRK-001,"Chennai Central – Tamil Nadu, India",13.0827,80.2707,2025-01-06T11:00:00+00:00,2.270310834198437,1.4922236460882456,26.48525167178887,3.8886201485282545,62.19733587286349,45.95708736509382,61.018041915099744,0.027201475456434955,10.384283134574648,0.5896637026487332,1
TRK-001,"Chennai Central – Tamil Nadu, India",13.0827,80.2707,2025-01-06T12:00:00+00:00,2.166252892796177,1.7246380957153058,27.173871084623098,3.9272866122139454,70.41900561264116,47.67997914308917,72.60467547509506,0.2619728120707284,6.232943215097987,0.6596979719653875,1
TRK-001,"Chennai Central – Tamil Nadu, India",13.0827,80.2707,2025-01-06T13:00:00+00:00,2.3723295314601534,2.1037631037772146,29.046194055269197,3.2234034091961905,60.87340331519353,40.472714697987854,75.43519574504018,0.2942382073069673,5.061557411292401,0.5649658893062316,1
TRK-001,"Chennai Central – Tamil Nadu, India",13.0827,80.2707,2025-01-06T14:00:00+00:00,2.0713914928729396,1.7679783568372553,29.408800752578166,4.175906016818173,51.02681457194044,38.62742107550821,73.30739430024697,0.0,6.959752639225574,0.5765451431224174,1
TRK-001,"Chennai Central – Tamil Nadu, India",13.0827,80.2707,2025-01-06T15:00:00+00:00,1.888621551229826,1.9991529590680346,28.1501854646812,2.238217152002954,72.29298458525516,47.7450049165643,75.69373918941231,0.13399740096158577,8.097028536741062,0.5867760635352246,1
TRK-001,"Chennai Central – Tamil Nadu, India",13.0827,80.2707,2025-01-06T16:00:00+00:00,2.2710257253866306,1.5535050076764583,26.775882783657558,3.505349962820307,59.121797425703775,40.77114875283712,70.75303829440361,0.0772777669609224,6.000977988727805,0.5660395792931066,1
TRK-001,"Chennai Central – Tamil Nadu, India",13.0827,80.2707,2025-01-06T17:00:00+00:00,2.183669575317557,2.3266313406631633,27.74779834553438,3.1971457227290494,52.09937144199759,43.95532292033286,75.2354456983837,0.23901760746498069,8.687372409181153,0.615389920870269,1
TRK-001,"Chennai Central – Tamil Nadu, India",13.0827,80.2707,2025-01-06T18:00:00+00:00,2.028985651977667,1.3190740835577868,28.394504163018087,2.3137859513386867,76.03389470884481,36.37642793130134,66.24756696132637,0.0,4.855370314307471,0.537814671339192,0
TRK-001,"Chennai Central – Tamil Nadu, India",13.0827,80.2707,2025-01-06T19:00:00+00:00,2.362896118928195,1.9951758983337702,29.586553948482823,3.3062259877589457,51.90686220096742,47.83445691910334,77.42182841671946,0.02906447482617227,6.512086309792604,0.5776344139544385,1
TRK-001,"Chennai Central – Tamil Nadu, India",13.0827,80.2707,2025-01-06T20:00:00+00:00,2.0485512676109296,2.016224715287539,26.158692207130876,3.1498315077311374,77.46429840038276,48.17668272866885,75.99464759807259,0.0,4.2092059381898475,0.6355088974552707,1
TRK-001,"Chennai Central – Tamil Nadu, India",13.0827,80.2707,2025-01-06T21:00:00+00:00,1.8866310824802228,1.6351098960913402,28.865524290856385,2.7625579388074932,55.880310121657345,38.22052626859768,69.78701475864364,0.0,8.186527319087524,0.5396997250136001,0
TRK-001,"Chennai Central – Tamil Nadu, India",13.0827,80.2707,2025-01-06T22:00:00+00:00,1.8977804330683656,1.4958195079526204,27.963350597135552,2.494225057590392,67.8291880575792,43.28845686543414,76.92353260548524,0.1725839911714303,5.961947805324949,0.5370461329484942,0
TRK-001,"Chennai Central – Tamil Nadu, India",13.0827,80.2707,2025-01-06T23:00:00+00:00,2.17808338287408,1.4641795794889627,28.191442168751628,2.414616349411262,69.24027867206303,46.36429472740415,67.30983601482032,0.167565880854045,6.474245318884229,0.5936075658809,1
TRK-001,"Chennai Central – Tamil Nadu, India",13.0827,80.2707,2025-01-07T00:00:00+00:00,2.129598867755831,1.4147968964843884,28.02108455228696,1.7917846274719835,61.928234307020794,47.83135225072911,78.21817746320708,0.12148718957618959,8.747797239740274,0.5430788850979681,0
TRK-001,"Chennai Central – Tamil Nadu, India",13.0827,80.2707,2025-01-07T01:00:00+00:00,2.299678445363414,1.9276538190682668,28.07717397805715,3.2422921733121273,69.4955148592683,53.61643993851527,67.31416188504309,0.0,4.811268417593061,0.5784147053933407,1
TRK-001,"Chennai Central – Tamil Nadu, India",13.0827,80.2707,2025-01-07T02:00:00+00:00,2.373383138767683,1.9082533153102172,26.4919513987711,3.071844730650016,76.35656554437622,47.01384512077343,78.85072208748586,0.21592277846235064,6.235671897802271,0.6152822577068386,1
TRK-001,"Chennai Central – Tamil Nadu, India",13.0827,80.2707,2025-01-07T03:00:00+00:00,1.5386368335488285,1.8070846786612278,27.475076386616184,2.446779739655671,87.24943041221334,51.68186357297997,73.51219855353712,0.0748905654746667,8.656300574024048,0.5780436207609632,1
TRK-001,"Chennai Central – Tamil Nadu, India",13.0827,80.2707,2025-01-07T04:00:00+00:00,2.328681225013737,2.1221528881928893,29.594245042008602,2.5077429581030604,77.98288395871757,44.894959499246525,74.51608684813414,0.22106078918105354,0.1439549499788112,0.6018530741761324,1
TRK-001,"Chennai Central – Tamil Nadu, India",13.0827,80.2707,2025-01-07T05:00:00+00:00,2.398486246378924,1.4962854430872767,25.593317089424716,3.752631046590732,66.9076912430109,37.77178999283098,82.39679046415478,1.3095234584179813,10.969075981886311,0.613071667601676,1
TRK-001,"Chennai Central – Tamil Nadu, India",13.0827,80.2707,2025-01-07T06:00:00+00:00,1.9870065855684895,2.1166515971509714,29.746535799625754,3.3218548399538372,61.99074794528575,44.09927525536852,72.64266886357953,0.08641494951409688,6.533166452569607,0.5859882156612349,1
TRK-001,"Chennai Central – Tamil Nadu, India",13.0827,80.2707,2025-01-07T07:00:00+00:00,1.7896053326137915,1.7413845807378712,29.245021379755347,3.95764202895542,83.55838047032287,55.26232515317222,66.18852359208321,0.12661690410218493,7.487158300755545,0.5824529723305257,1
TRK-001,"Chennai Central – Tamil Nadu, India",13.0827,80.2707,2025-01-07T08:00:00+00:00,2.210636497849899,1.9471236572997404,27.54743492427354,2.9800020154236555,55.663351246368414,37.718978102180465,74.11233827335501,0.08023992276981047,6.796230730113645,0.6046292992614218,1
TRK-001,"Chennai Central – Tamil Nadu, India",13.0827,80.2707,2025-01-07T09:00:00+00:00,2.573515351913537,1.7330066568810711,26.64488471475719,3.5648800596689423,63.085038448805435,44.443923225481434,71.47800914159166,0.0,3.923769616666287,0.607569857627788,1
TRK-001,"Chennai Central – Tamil Nadu, India",13.0827,80.2707,2025-01-07T10:00:00+00:00,1.7528735344928137,1.8643362167439879,26.485905043066246,2.7162893547022233,63.12657541570611,54.513958401013646,71.13172730469103,0.18476679201112922,3.0019663395180047,0.5409985865755649,0
TRK-001,"Chennai Central – Tamil Nadu, India",13.0827,80.2707,2025-01-07T11:00:00+00:00,2.810155196635174,1.817792103183205,28.654576304555857,3.4399452867947526,68.5075006908216,51.83325088344829,70.48445430031934,0.0,0.023885875377139598,0.6154933352548437,1
TRK-001,"Chennai Central – Tamil Nadu, India",13.0827,80.2707,2025-01-07T12:00:00+00:00,1.9401342185689179,1.6600451875143465,28.368536209984413,3.3267359955188347,67.73589484524926,41.405166293680324,74.94285881766625,0.0,3.9619484458355148,0.6041246656000414,1
TRK-001,"Chennai Central – Tamil Nadu, India",13.0827,80.2707,2025-01-07T13:00:00+00:00,1.9594617947179847,1.8137663601319785,29.876542666018388,3.0214105255285104,60.266006364796894,44.58083856831128,79.98622321453247,0.0,7.292811977486321,0.5854886061088576,1
TRK-001,"Chennai Central – Tamil Nadu, India",13.0827,80.2707,2025-01-07T14:00:00+00:00,1.8580779856050178,1.807267128385483,29.640556276737343,2.7522724013959547,65.52282929253046,51.52810254842433,70.13866991431937,0.0,2.894997107346647,0.5940321295877233,1
TRK-001,"Chennai Central – Tamil Nadu, India",13.0827,80.2707,2025-01-07T15:00:00+00:00,2.4979129953481243,1.6883790062249788,27.78953888598295,2.8904113772464655,63.407485935194465,43.23379652409607,69.65332862597558,0.16054736139364384,8.06989494943628,0.5717857674929889,1
TRK-001,"Chennai Central – Tamil Nadu, India",13.0827,80.2707,2025-01-07T16:00:00+00:00,1.772755155881653,1.5717831843601013,31.224763158033742,2.629940641608243,67.34265176459643,41.551049686840585,79.47116657035522,0.15545555523323637,4.032213348389569,0.5398259359794402,0
TRK-001,"Chennai Central – Tamil Nadu, India",13.0827,80.2707,2025-01-07T17:00:00+00:00,2.1710523111813793,1.506280314037091,27.499030747691425,4.01610884119617,63.69002671655464,51.370569640783486,75.27271701849858,0.0,15.428706910289176,0.6109318488053314,1
TRK-001,"Chennai Central – Tamil Nadu, India",13.0827,80.2707,2025-01-07T18:00:00+00:00,1.319719419317453,1.4482517517990896,30.321444372475003,3.1851127272157758,67.51779114271956,50.91449253082786,67.72909656188934,0.10528002532695444,9.511808215821082,0.5868559517353203,1
TRK-001,"Chennai Central – Tamil Nadu, India",13.0827,80.2707,2025-01-07T19:00:00+00:00,2.070194618242173,1.3513447134499779,26.589989861932285,2.8938352632221074,68.7666146614646,45.283475695410885,76.20488255665434,0.11618627681754848,7.069235475334329,0.5713392027157475,1
TRK-001,"Chennai Central – Tamil Nadu, India",13.0827,80.2707,2025-01-07T20:00:00+00:00,2.1857339611378253,1.352845889698263,29.174342644163097,3.3541726163795693,63.982175374729394,46.232359733381834,71.50590125561907,0.026838541611023926,6.108190544718817,0.5810951027074079,1
TRK-001,"Chennai Central – Tamil Nadu, India",13.0827,80.2707,2025-01-07T21:00:00+00:00,1.985240694647519,1.9672877661020678,29.004013386838192,3.528604617806282,68.04095647564894,49.01377810624082,63.536288838264795,0.0,6.978649434614453,0.5837229068756709,1
TRK-001,"Chennai Central – Tamil Nadu, India",13.0827,80.2707,2025-01-07T22:00:00+00:00,2.4915324135973607,2.2721134835323067,29.381297332345202,2.754804220139861,71.56627862897972,46.43094796065113,76.87701922962273,0.17230834496445535,4.498919393869045,0.6315700291855901,1
TRK-001,"Chennai Central – Tamil Nadu, India",13.0827,80.2707,2025-01-07T23:00:00+00:00,2.057007622591601,2.182658587959104,29.40680685224108,2.5468554507606482,68.38681236356501,43.77522651556787,72.82361778892223,0.0,7.263888688993006,0.5867328994662249,1
TRK-001,"Chennai Central – Tamil Nadu, India",13.0827,80.2707,2025-01-08T00:00:00+00:00,2.0132469082872015,1.971635086222788,26.285467603188327,2.674803641796027,59.0215771528596,45.28232505415077,65.78332305158239,0.0,7.098085675759813,0.5668203352373913,1
TRK-001,"Chennai Central – Tamil Nadu, India",13.0827,80.2707,2025-01-08T01:00:00+00:00,2.0729951154990465,1.9799581662050776,27.71896941235595,2.8665680351479237,69.60335596508409,52.382344403922794,74.73217353168573,1.6552305212264158,11.455414610142617,0.6291536811006376,1
TRK-001,"Chennai Central – Tamil Nadu, India",13.0827,80.2707,2025-01-08T02:00:00+00:00,2.478302977602098,1.7406546719757983,29.53188116857426,2.8776972136560346,68.49870696778467,42.07038878776242,70.28796826002328,0.09886794121234321,5.966759844583689,0.5600071120033717,1
TRK-001,"Chennai Central – Tamil Nadu, India",13.0827,80.2707,2025-01-08T03:00:00+00:00,2.6883258087727806,1.8007108646683145,30.411704298766267,3.3638174132160756,71.9237005741988,40.20402771317699,78.4794497024474,0.16757945468186355,2.255810097865942,0.6135191500286656,1
TRK-001,"Chennai Central – Tamil Nadu, India",13.0827,80.2707,2025-01-08T04:00:00+00:00,1.7770446282846295,1.2303060093458567,29.40245586292362,2.8273718927437397,61.36745884129923,42.47886081577924,64.58459120037878,0.10395620214938174,10.156702987999575,0.5059781983090611,0
TRK-001,"Chennai Central – Tamil Nadu, India",13.0827,80.2707,2025-01-08T05:00:00+00:00,2.110255006872391,1.9776050841820827,28.14231077217095,2.4332654674153242,71.07027647959197,46.70833171848128,66.05005770261076,0.026003554176242102,10.23471646012984,0.5830865832571176,1
TRK-001,"Chennai Central – Tamil Nadu, India",13.0827,80.2707,2025-01-08T06:00:00+00:00,2.5992187447719317,1.1393582853000832,29.384141312139807,2.9313724856021754,46.42959870842594,46.69119660869615,67.4870377538603,0.13225500031489013,8.761380314845788,0.5655430165581897,1
TRK-001,"Chennai Central – Tamil Nadu, India",13.0827,80.2707,2025-01-08T07:00:00+00:00,1.7324943914216822,1.6170151610350347,26.55025089203655,2.3750410247313445,66.46400318000939,48.75624207977781,74.0135453687435,0.0,10.386973302886052,0.5857604927615286,1
TRK-001,"Chennai Central – Tamil Nadu, India",13.0827,80.2707,2025-01-08T08:00:00+00:00,2.1463565933018915,1.5387316788249947,30.40994268427334,2.71548985466515,78.0793216061005,45.11351307291948,66.40108584112212,0.031568945777679915,2.9749578022428804,0.5403246820679011,0
TRK-001,"Chennai Central – Tamil Nadu, India",13.0827,80.2707,2025-01-08T09:00:00+00:00,1.8322162632890913,1.5613522086199907,28.435247467335902,4.071411246226449,61.58459179683277,46.486890009525204,60.823232041139605,0.0,1.5914314107463525,0.5804157284323266,1
TRK-001,"Chennai Central – Tamil Nadu, India",13.0827,80.2707,2025-01-08T10:00:00+00:00,2.050839991350213,1.6678265121308096,27.677890212430242,3.1388895502547163,58.430841771998196,42.21765856533829,70.22471880485044,0.001524423963569374,9.725408069724812,0.5664103698646379,1
TRK-001,"Chennai Central – Tamil Nadu, India",13.0827,80.2707,2025-01-08T11:00:00+00:00,2.4297622022059966,1.8162118139165553,29.21126359550729,3.0128035835295406,63.8365095390717,46.443955731014135,71.10612637000746,0.0,6.734158164240498,0.6372482320440807,1
TRK-001,"Chennai Central – Tamil Nadu, India",13.0827,80.2707,2025-01-08T12:00:00+00:00,2.2540710344164516,1.70715081983148,29.116725583003806,3.1808990865983438,70.27039754457655,46.34807407009323,62.08662284157242,0.17238282716664255,11.863154744559505,0.5624284176542305,1
TRK-001,"Chennai Central – Tamil Nadu, India",13.0827,80.2707,2025-01-08T13:00:00+00:00,2.6316759727180976,1.9657984872281173,27.41297957957264,4.073736677656731,69.58479305592768,48.85488028310533,70.32902221293331,1.1570860891275911,3.84493855852555,0.6344617036524443,1
TRK-001,"Chennai Central – Tamil Nadu, India",13.0827,80.2707,2025-01-08T14:00:00+00:00,2.320983304984586,1.921339552163853,31.598286607715764,2.3902296353296233,62.188573895462355,49.41446704019768,66.71789522425347,0.06901519766981506,5.699359218575326,0.5836386435528507,1
TRK-001,"Chennai Central – Tamil Nadu, India",13.0827,80.2707,2025-01-08T15:00:00+00:00,2.204205708933311,2.2374496333858183,27.363661269843963,3.2487485694473346,71.46129945186875,47.51691558349634,71.7498839554224,0.22265409372246486,12.509671795751144,0.5904757264558738,1
TRK-001,"Chennai Central – Tamil Nadu, India",13.0827,80.2707,2025-01-08T16:00:00+00:00,1.7199776620460758,1.3946687556558448,27.99236265834533,3.2818561322954882,66.36112637297045,35.850695889549236,68.75143028690086,0.1371923560788776,7.499543447361324,0.5544448492695876,1
TRK-001,"Chennai Central – Tamil Nadu, India",13.0827,80.2707,2025-01-08T17:00:00+00:00,2.4698205272236082,1.767161171842627,29.698207333414686,3.807253508853564,67.64595494770842,43.71823476263356,66.90139707504743,0.23698959282558923,5.998850150547097,0.6059616601220892,1
TRK-001,"Chennai Central – Tamil Nadu, India",13.0827,80.2707,2025-01-08T18:00:00+00:00,2.423921124852722,2.0001403291202506,28.04584386456573,3.2806106573335354,59.88937211383957,41.03385484928847,76.00934249637078,0.15920449901484018,2.9899158451661085,0.6185134117853215,1
TRK-001,"Chennai Central – Tamil Nadu, India",13.0827,80.2707,2025-01-08T19:00:00+00:00,1.5744436855098463,1.589266763508966,29.38790229066171,2.341659607301247,63.39969949103649,38.72730210898649,79.78835734086135,0.219073949885228,8.924583566881413,0.5951724018063262,1
TRK-001,"Chennai Central – Tamil Nadu, India",13.0827,80.2707,2025-01-08T20:00:00+00:00,2.3706681247578665,1.8185448390934267,28.80346707562348,3.0106008301173652,66.6233580424389,40.905210359015726,66.52022905017233,0.12556250967367805,9.994102054456942,0.5321314952200428,0
TRK-001,"Chennai Central – Tamil Nadu, India",13.0827,80.2707,2025-01-08T21:00:00+00:00,1.8552206475846282,1.887093689649305,29.004799656169215,3.2222971139489074,51.75766183088975,38.76553604399041,62.22469465312139,0.08677960303918793,7.230681371402857,0.5640141671059374,1
TRK-001,"Chennai Central – Tamil Nadu, India",13.0827,80.2707,2025-01-08T22:00:00+00:00,2.26570271562426,2.008509247635805,28.45709772697173,3.2479636582521945,70.12445635367301,50.68526926870119,67.09831412857648,0.1732487550789078,5.250565551059613,0.6047644447441083,1
TRK-001,"Chennai Central – Tamil Nadu, India",13.0827,80.2707,2025-01-08T23:00:00+00:00,1.6004435145537452,1.56646529864277,26.858873363001116,3.370667932236071,68.64632898829124,45.598648010229354,64.06712626312883,0.18449873244399667,11.778077553998857,0.5493094564300574,0
TRK-001,"Chennai Central – Tamil Nadu, India",13.0827,80.2707,2025-01-09T00:00:00+00:00,2.4736069690773856,1.9344743798500852,29.390027592545852,3.4755130002515777,70.32411911369053,46.82993666101642,63.11188262065721,0.0,8.171364796161647,0.6013428912765656,1
TRK-001,"Chennai Central – Tamil Nadu, India",13.0827,80.2707,2025-01-09T01:00:00+00:00,2.205096296486639,1.8350669698497262,29.76496614377862,3.245808147831034,61.18583597871813,54.39773442410869,69.57171712561878,0.10581177629828434,7.217300429739177,0.5883996733226857,1
TRK-001,"Chennai Central – Tamil Nadu, India",13.0827,80.2707,2025-01-09T02:00:00+00:00,1.9277150220067711,1.7100126273795355,31.868201010060943,3.2057216379572533,69.11834242954573,50.27735055449846,67.03362650859648,0.2082154480693158,6.032454483261022,0.5912748094179848,1
TRK-001,"Chennai Central – Tamil Nadu, India",13.0827,80.2707,2025-01-09T03:00:00+00:00,1.9296866532092478,1.5627426925333958,32.39243484500474,3.550440618976595,61.81334705145557,44.3543942421598,64.50165340920103,0.0686041627288794,8.237596278509196,0.5740128753998974,1
TRK-001,"Chennai Central – Tamil Nadu, India",13.0827,80.2707,2025-01-09T04:00:00+00:00,2.31414376974812,1.657765776546594,27.8223003984876,3.5680300951807538,71.05643286620469,45.01199098535573,62.583989246926265,0.16777908895291216,7.807115192707112,0.5733607781710961,1
TRK-001,"Chennai Central – Tamil Nadu, India",13.0827,80.2707,2025-01-09T05:00:00+00:00,2.3433895670624434,1.6804177901804167,28.366608657862486,3.61106188588021,86.53826261097647,47.75125376078271,80.14267648820156,3.142085027573656,13.255302285486275,0.59161420131445,1
TRK-001,"Chennai Central – Tamil Nadu, India",13.0827,80.2707,2025-01-09T06:00:00+00:00,2.3674346038487863,1.7757103060880135,29.288338961105627,4.340213796037034,70.40381703477317,49.686670731602796,66.11856215577293,0.0,8.443085994290966,0.5643457812246329,1
TRK-001,"Chennai Central – Tamil Nadu, India",13.0827,80.2707,2025-01-09T07:00:00+00:00,2.3488109696882344,2.047810748198355,29.09463486610762,2.6557084706946794,80.926200660109,44.98898866021249,64.58249508091684,0.0,5.594722906301627,0.5905343001308699,1
TRK-001,"Chennai Central – Tamil Nadu, India",13.0827,80.2707,2025-01-09T08:00:00+00:00,1.9681144087007825,1.7613633086940557,29.27204499478057,3.0852273421332668,61.15598498687867,47.618604930885226,63.523794551956264,0.0,6.354552502686613,0.6016042324642201,1
TRK-001,"Chennai Central – Tamil Nadu, India",13.0827,80.2707,2025-01-09T09:00:00+00:00,2.5064066645061773,2.214829883439262,29.989755234564893,4.208813667922582,72.38247221206862,45.64565025409575,65.82574031894335,0.02526125646615706,5.717607705396269,0.6194277235964389,1
TRK-001,"Chennai Central – Tamil Nadu, India",13.0827,80.2707,2025-01-09T10:00:00+00:00,2.2046767508026073,1.6453239944157847,27.466650466113435,2.5317943244740406,61.47122825647002,45.78015425036512,61.37626197374501,0.0682311717760991,7.33262327550789,0.5701289530958091,1
TRK-001,"Chennai Central – Tamil Nadu, India",13.0827,80.2707,2025-01-09T11:00:00+00:00,2.797372217571975,1.7079996085487466,29.70830919677554,2.8391309452289706,57.841365789550785,44.77281928685339,65.90242784118333,0.34230365197011503,4.041158934974116,0.5898185630261256,1
TRK-001,"Chennai Central – Tamil Nadu, India",13.0827,80.2707,2025-01-09T12:00:00+00:00,2.3412454794375646,1.710963019276877,28.32224430459599,2.3094710941964656,73.44787321960395,44.12449580533271,68.23627092866427,0.043403213754428,2.8537051179050277,0.5749472244294717,1
TRK-001,"Chennai Central – Tamil Nadu, India",13.0827,80.2707,2025-01-09T13:00:00+00:00,1.7445178151602578,1.8538185205273827,30.134939018070348,3.0963654358470274,74.0862210488777,51.95720600719085,62.525694678408136,0.0,0.0,0.5929741649117698,1
TRK-001,"Chennai Central – Tamil Nadu, India",13.0827,80.2707,2025-01-09T14:00:00+00:00,2.3716183817947645,1.8177904011945294,29.104267553552397,2.165421782197444,72.37528376299335,44.9323904230324,63.1328183414743,0.0,8.43283218927031,0.5843994710289655,1
TRK-001,"Chennai Central – Tamil Nadu, India",13.0827,80.2707,2025-01-09T15:00:00+00:00,3.303184866705581,1.8839787251702576,28.535664302214787,2.900482500296768,57.90309933432279,50.35468806379656,73.67266374884659,1.9362945142188375,0.0,0.6306000053233991,1
TRK-001,"Chennai Central – Tamil Nadu, India",13.0827,80.2707,2025-01-09T16:00:00+00:00,2.527390769110405,1.5016046873592157,29.743741300598547,3.510864540395185,82.7917310131981,55.00813288477552,64.29278209429071,0.11323504102632384,9.18305296858406,0.636532874666753,1
TRK-001,"Chennai Central – Tamil Nadu, India",13.0827,80.2707,2025-01-09T17:00:00+00:00,2.107321216274635,1.707126249865658,32.35489627935956,2.656036760658862,63.29791383850243,34.21637815474997,66.30530722440143,0.21979333342257534,4.925829457992526,0.5444847661635167,0
TRK-001,"Chennai Central – Tamil Nadu, India",13.0827,80.2707,2025-01-09T18:00:00+00:00,2.4542452115893036,1.9552034141175652,29.396287375466535,3.9707903666456286,68.67966076241518,48.29095512559427,69.24745594385467,0.020813378539290724,10.889737868383838,0.6262606715935254,1
TRK-001,"Chennai Central – Tamil Nadu, India",13.0827,80.2707,2025-01-09T19:00:00+00:00,2.6116581361641917,2.1958458128107026,32.06192056990742,3.286377700497401,69.78597212327814,38.12798159230468,62.9297869446095,0.04540574502472174,6.225133769733451,0.6083162505431846,1
TRK-001,"Chennai Central – Tamil Nadu, India",13.0827,80.2707,2025-01-09T20:00:00+00:00,2.3157309770932177,1.8552366861427168,30.4873342157754,2.959490627793037,55.982165560205026,44.64310270721897,62.535390318015835,0.2563924677129477,4.498780559627205,0.6486976028286069,1
TRK-001,"Chennai Central – Tamil Nadu, India",13.0827,80.2707,2025-01-09T21:00:00+00:00,2.7669228104138286,2.138965565970651,29.859132996611102,3.46327349866917,52.466388719578354,43.810953038825495,74.66597630356073,2.689097490553974,8.581062973740945,0.6035906372158772,1
TRK-001,"Chennai Central – Tamil Nadu, India",13.0827,80.2707,2025-01-09T22:00:00+00:00,2.2833793966859464,1.3122575965958982,29.111985894571546,3.7756816635924375,68.23261185099793,48.9224367425886,71.43631992047654,2.1490226277318145,8.607470344529071,0.6266878790133736,1
TRK-001,"Chennai Central – Tamil Nadu, India",13.0827,80.2707,2025-01-09T23:00:00+00:00,2.746357777401009,2.2129973217060206,28.895748132258422,3.1724726336483626,84.57305061750066,47.068617717813645,57.01420563094991,0.26839981819987363,8.655722742204038,0.6290933148741725,1
TRK-001,"Chennai Central – Tamil Nadu, India",13.0827,80.2707,2025-01-10T00:00:00+00:00,2.4307671289037636,1.7081014631793605,31.190684823177858,3.3250822696066056,49.774970403297104,43.2103794769812,60.65397846418568,0.3708145682354553,6.232559745709332,0.5717704512929935,1
TRK-001,"Chennai Central – Tamil Nadu, India",13.0827,80.2707,2025-01-10T01:00:00+00:00,2.395786988914759,2.158237160675962,30.297214770952312,3.1726733873376887,55.5880709084156,36.68080210500826,57.25749605168619,0.0,5.157745673966895,0.5930938374857911,1
TRK-001,"Chennai Central – Tamil Nadu, India",13.0827,80.2707,2025-01-10T02:00:00+00:00,1.9658684680569558,1.9560557582905918,28.037645111897945,2.8316073258247094,65.5666349783146,49.72155331520295,55.938324664342595,0.11705591322177988,5.767914679338353,0.5803455976480509,1
TRK-001,"Chennai Central – Tamil Nadu, India",13.0827,80.2707,2025-01-10T03:00:00+00:00,1.9748619305293436,1.5852637844271238,29.84830933822388,3.9181841296613342,50.24434917686081,37.12764747484986,52.12314995552053,0.0,5.936237358245926,0.5158699297757658,0
TRK-001,"Chennai Central – Tamil Nadu, India",13.0827,80.2707,2025-01-10T04:00:00+00:00,1.5719319997574739,1.6760735516131602,28.63080756654687,3.8244109207227677,50.56001929468824,41.83348111887172,56.39649749673939,0.24281157889567556,9.04295545277648,0.5554325785474143,1
TRK-001,"Chennai Central – Tamil Nadu, India",13.0827,80.2707,2025-01-10T05:00:00+00:00,2.6057915699145475,1.6572989489691312,29.33522265516259,3.413417644518398,56.194322946965414,44.10778106469387,57.12010424807943,0.33282616799337755,12.73242659842323,0.5589570609383127,1
TRK-001,"Chennai Central – Tamil Nadu, India",13.0827,80.2707,2025-01-10T06:00:00+00:00,2.187756017390857,1.9879890592368927,29.86449630761529,2.5938807685034098,65.94156445098588,48.7505565831153,53.853853160181934,0.0,9.986617984488046,0.594371881792405,1
TRK-001,"Chennai Central – Tamil Nadu, India",13.0827,80.2707,2025-01-10T07:00:00+00:00,2.031111107803793,1.9556184656931865,30.44891859471136,2.6277231536147263,63.10410779966843,43.49406996309286,55.782622332737404,0.03486749713285013,9.485206504442695,0.5646265306598554,1
TRK-001,"Chennai Central – Tamil Nadu, India",13.0827,80.2707,2025-01-10T08:00:00+00:00,2.1115342050556087,1.536186812308041,27.250580622201657,2.7184047458171774,57.65754384590585,41.114637813696355,49.82419899200144,0.007448166058455108,3.227719332728364,0.5327695518620484,0
TRK-001,"Chennai Central – Tamil Nadu, India",13.0827,80.2707,2025-01-10T09:00:00+00:00,2.4083882910260463,1.654202526946038,28.931734975646854,3.267611941995134,69.14394316296905,39.22339412695719,57.55400214657416,0.15943371073166202,5.8278489987162665,0.5764719064960666,1
TRK-001,"Chennai Central – Tamil Nadu, India",13.0827,80.2707,2025-01-10T10:00:00+00:00,2.140849203870076,1.8099235065335217,28.49429558575067,3.1852883623490973,66.59894464664372,49.92812046486361,63.99066609197487,0.04639176477429495,7.68943465772922,0.6219544993391956,1
TRK-001,"Chennai Central – Tamil Nadu, India",13.0827,80.2707,2025-01-10T11:00:00+00:00,1.924837175328272,2.0768105069985285,30.50969487341851,4.282657167431634,72.21140604238904,48.204738281029655,56.64706674487911,0.10757601509663013,4.980759973276956,0.539991240122353,0
TRK-001,"Chennai Central – Tamil Nadu, India",13.0827,80.2707,2025-01-10T12:00:00+00:00,2.648085033142004,2.149924498396915,29.779844374828443,4.187671170790519,70.24089194804436,50.208269039617065,59.03577010977514,0.2278250161147164,10.20826508075629,0.6436891752529358,1
TRK-001,"Chennai Central – Tamil Nadu, India",13.0827,80.2707,2025-01-10T13:00:00+00:00,1.9618854199485352,1.813225763278289,29.860381017424725,3.8460949249947842,67.71589797418514,49.56435264540782,62.456653650394166,0.007824702612919301,9.420901459677472,0.5465942859490568,0
TRK-001,"Chennai Central – Tamil Nadu, India",13.0827,80.2707,2025-01-10T14:00:00+00:00,2.21445879392582,1.758240744957013,27.306952369389528,3.8122373320584693,71.62646544199495,46.1223875878992,55.60453698922939,0.2938752551245654,12.914246860367282,0.6133692060202105,1
TRK-001,"Chennai Central – Tamil Nadu, India",13.0827,80.2707,2025-01-10T15:00:00+00:00,1.6254459027150718,1.9106665461154049,29.359267282209476,3.312574219600176,60.79231804859257,47.023616583497834,55.9895825223658,0.10936183105848199,10.224409825474583,0.5736456617537659,1
TRK-001,"Chennai Central – Tamil Nadu, India",13.0827,80.2707,2025-01-10T16:00:00+00:00,1.6024468503685547,1.878527092099269,28.961398046886412,2.050848995446376,80.99419576473623,47.30379717494121,55.17169684368226,0.17449792452626303,6.203924402854811,0.5386537057924045,0
TRK-001,"Chennai Central – Tamil Nadu, India",13.0827,80.2707,2025-01-10T17:00:00+00:00,2.7195634040815695,2.022261223790745,27.059894175321006,3.379461383668349,76.89476111922795,54.58463695272921,53.328489927764686,0.12668451085205157,9.620051881004397,0.6535061242692558,1
TRK-001,"Chennai Central – Tamil Nadu, India",13.0827,80.2707,2025-01-10T18:00:00+00:00,2.9621806542694085,2.131528314116605,30.178630800965667,4.218483748527145,70.13524249065082,49.768784065440364,54.833450488890996,0.0,1.5711490932483123,0.6229826149110513,1
TRK-001,"Chennai Central – Tamil Nadu, India",13.0827,80.2707,2025-01-10T19:00:00+00:00,2.5057178553823407,1.8769736299514463,31.179530228862266,3.4359715265239545,59.91197366419396,47.60741225406127,49.859433328965366,0.0,11.117027028599555,0.6093227426705631,1
TRK-001,"Chennai Central – Tamil Nadu, India",13.0827,80.2707,2025-01-10T20:00:00+00:00,2.39394661538115,2.0592829807975117,30.292954779794922,2.388491776677023,81.96033094823925,45.64375634398109,55.63591776193158,0.24921943943623232,4.699587776937246,0.6116165212582465,1
TRK-001,"Chennai Central – Tamil Nadu, India",13.0827,80.2707,2025-01-10T21:00:00+00:00,2.2391351311194057,2.1512058306357456,29.024407246169854,2.6636161959531504,66.23486812307951,41.99687231372413,57.24188988083108,0.0,11.233950957630135,0.5692883693484014,1
TRK-001,"Chennai Central – Tamil Nadu, India",13.0827,80.2707,2025-01-10T22:00:00+00:00,1.517888908945028,1.571526360860413,30.67363894930298,2.9013713754455623,64.10413578286342,48.94815822721039,46.1045154763949,0.0,5.191065062298989,0.5198394113883661,0
TRK-001,"Chennai Central – Tamil Nadu, India",13.0827,80.2707,2025-01-10T23:00:00+00:00,2.1137607123227444,2.175082471382834,31.53805348466381,3.9212323069995336,62.98554477022437,43.33430034452154,49.73288763343353,0.0,7.634380457091751,0.5808204352967749,1
TRK-001,"Chennai Central – Tamil Nadu, India",13.0827,80.2707,2025-01-11T00:00:00+00:00,2.0531187774221653,1.773826480456499,29.70748518745996,3.4596890815513177,75.30169307148381,46.167737830232895,51.931887700927575,0.0,10.420628436810206,0.5871561113488806,1
TRK-001,"Chennai Central – Tamil Nadu, India",13.0827,80.2707,2025-01-11T01:00:00+00:00,1.988854134209465,1.890037122799019,31.445263670097408,4.388540124386818,78.33219653059359,45.85536977165867,48.017520859664195,0.0,6.530735562570104,0.5351582693917538,0
TRK-001,"Chennai Central – Tamil Nadu, India",13.0827,80.2707,2025-01-11T02:00:00+00:00,2.105932553312392,1.948625600220223,29.01320842363046,2.5597077223924773,60.195964423005215,41.73928130329912,51.453243138272725,0.0,7.804488342865948,0.5471538606632156,0
TRK-001,"Chennai Central – Tamil Nadu, India",13.0827,80.2707,2025-01-11T03:00:00+00:00,1.947009301348143,1.9837130887420047,29.229543235464753,3.8564978472433618,66.71040617695931,45.28431473965628,51.82068151314264,0.029292682064150435,6.209304666856147,0.5889884400810744,1
TRK-001,"Chennai Central – Tamil Nadu, India",13.0827,80.2707,2025-01-11T04:00:00+00:00,2.6319480318045896,1.8653420006572667,30.27926897765183,3.8784112638925787,70.02768729343413,45.616886109804554,57.680281595138865,0.12385848140462057,1.778843168694654,0.5638954482347949,1
TRK-001,"Chennai Central – Tamil Nadu, India",13.0827,80.2707,2025-01-11T05:00:00+00:00,1.808554574100595,1.7733715240048888,31.281995827190922,2.8112477943053147,57.89324030190812,49.71440982018229,49.65729269325375,0.0,1.270711282761157,0.5790145646932136,1
TRK-001,"Chennai Central – Tamil Nadu, India",13.0827,80.2707,2025-01-11T06:00:00+00:00,2.4868014758151102,2.1944600177451346,28.661466165589953,3.390855119020087,59.065408092791,44.82761119428448,52.27518089788187,0.09747563772126618,9.64961157084685,0.6000682303804251,1
TRK-001,"Chennai Central – Tamil Nadu, India",13.0827,80.2707,2025-01-11T07:00:00+00:00,1.8003307238575377,1.7529418032043467,29.632310116714766,3.077201414485702,66.32633542235232,46.55018886581482,50.0214375875866,0.11627098621825535,9.212614327668087,0.5600008371101924,1
TRK-001,"Chennai Central – Tamil Nadu, India",13.0827,80.2707,2025-01-11T08:00:00+00:00,1.9657376600521799,1.7222833835920333,31.305549850480414,2.5719586890173893,68.10724463876578,45.34499075091225,50.41150192625848,0.0,1.7961655091884143,0.5979982035708846,1
TRK-001,"Chennai Central – Tamil Nadu, India",13.0827,80.2707,2025-01-11T09:00:00+00:00,2.0299308649674273,1.5893295719044516,31.836788864679086,2.963469818298231,66.67024445087169,56.05078480522258,44.20150406967836,0.0,5.612980883436139,0.5997305132059425,1
TRK-001,"Chennai Central – Tamil Nadu, India",13.0827,80.2707,2025-01-11T10:00:00+00:00,3.0287162872110005,1.8679780457677788,26.655499135713843,3.8427915008286,74.97036779981026,52.64317945527481,53.64793004938322,1.9656333855110344,11.631039461402716,0.6325811554804911,1
TRK-001,"Chennai Central – Tamil Nadu, India",13.0827,80.2707,2025-01-11T11:00:00+00:00,2.2875140048751352,2.0545924577154926,31.070655540040583,3.664007770610347,71.32103354503725,45.34676549287752,49.271027320165864,0.0,3.4072351328975286,0.5443768496554067,0
TRK-001,"Chennai Central – Tamil Nadu, India",13.0827,80.2707,2025-01-11T12:00:00+00:00,2.5074327642148773,2.0949197877289345,28.855347778345678,3.8410478302188356,79.11825075516198,52.361582421818625,47.100214838025266,0.18669527810324088,1.6853051967086776,0.5987556055695192,1
TRK-001,"Chennai Central – Tamil Nadu, India",13.0827,80.2707,2025-01-11T13:00:00+00:00,1.8254128766145998,2.1696526890499817,30.439815159388843,2.667735390103039,70.10819529246936,48.42082001938876,58.88307768778058,0.028692276248945027,5.6315524969448525,0.6012952735990542,1
TRK-001,"Chennai Central – Tamil Nadu, India",13.0827,80.2707,2025-01-11T14:00:00+00:00,2.9326968145106047,1.9437606803032221,29.239649605509804,3.222755486587156,63.70333386491748,44.56666487239181,51.862696477988514,0.9700459852753488,6.045941321437772,0.6236242438398155,1
TRK-001,"Chennai Central – Tamil Nadu, India",13.0827,80.2707,2025-01-11T15:00:00+00:00,2.084563004159745,2.0778479496747857,29.48289778621381,3.599984533747001,62.344789998650874,42.16895200637646,49.9377618047497,0.011257876419840926,8.72909371165471,0.5510754080632541,1
TRK-001,"Chennai Central – Tamil Nadu, India",13.0827,80.2707,2025-01-11T16:00:00+00:00,3.022107826916467,1.8804803126171779,28.18299760413508,4.1283620674206345,62.40940091862659,47.46959296092667,55.33165386517304,3.907038274405118,5.997500624804651,0.6082258097006884,1
TRK-001,"Chennai Central – Tamil Nadu, India",13.0827,80.2707,2025-01-11T17:00:00+00:00,2.9607168884172106,1.718187730215099,29.71722320927353,3.9804222857231135,68.94214494139446,48.07040043206662,58.90898460649963,2.2037653025409973,4.140808753240552,0.6623461165655916,1
TRK-001,"Chennai Central – Tamil Nadu, India",13.0827,80.2707,2025-01-11T18:00:00+00:00,1.8249761424667716,1.9177900754411754,28.713619357747362,2.968515089589217,73.64320373935152,49.67130827892143,56.77722782004479,0.0,9.942019882982278,0.5782530756571291,1
TRK-001,"Chennai Central – Tamil Nadu, India",13.0827,80.2707,2025-01-11T19:00:00+00:00,1.9634091314771431,1.5555101088819172,31.087050574961026,2.7868572390250903,71.97241163355163,44.54746705209728,46.20779770602067,0.08904794517752747,8.81242625071783,0.5657222482968381,1
TRK-001,"Chennai Central – Tamil Nadu, India",13.0827,80.2707,2025-01-11T20:00:00+00:00,2.740765157701603,1.9261518296788227,31.43198917702764,3.4343862264798313,61.096475472504125,44.83131196736365,52.21648029040709,0.06138436525611196,7.779304241406507,0.5689969979519228,1
TRK-001,"Chennai Central – Tamil Nadu, India",13.0827,80.2707,2025-01-11T21:00:00+00:00,2.3918565978684247,2.268112566612916,33.418017134866695,3.3027738786431575,58.04804054843582,47.44511433523848,43.464270052212065,0.15594419882687455,3.8665346112240626,0.5371276997359941,0
TRK-001,"Chennai Central – Tamil Nadu, India",13.0827,80.2707,2025-01-11T22:00:00+00:00,1.9865889284041716,1.613323309777518,29.968774458569296,3.305176745949579,57.594346110693266,45.96615555301645,38.123494168451074,0.0,0.2715171351686996,0.5680981727098086,1
TRK-001,"Chennai Central – Tamil Nadu, India",13.0827,80.2707,2025-01-11T23:00:00+00:00,2.090097890130599,1.7547989680650486,30.087768562606275,2.728679707369814,67.84131475504259,47.92835626085911,46.29600595271964,0.2168975347233657,8.708059133536267,0.556438361909825,1
TRK-001,"Chennai Central – Tamil Nadu, India",13.0827,80.2707,2025-01-12T00:00:00+00:00,2.2035456440324537,1.640564636389446,29.039127939071733,3.6101058415114524,73.7016072619658,46.23247915410423,42.53237049536696,0.0034127446549130497,3.3715340123755646,0.5306279702912143,0
TRK-001,"Chennai Central – Tamil Nadu, India",13.0827,80.2707,2025-01-12T01:00:00+00:00,1.7596571283066513,1.921415128803156,29.880452894002296,2.747065390962165,66.9899789093696,53.37918930069548,43.336330591248554,0.015548361252066434,10.440206357371999,0.5582898623542415,1
TRK-001,"Chennai Central – Tamil Nadu, India",13.0827,80.2707,2025-01-12T02:00:00+00:00,2.5257200785128737,1.727720713882404,31.671568113765137,3.4328570368397653,59.71139657563516,40.64718840350215,52.92105244345249,0.12288379665868088,12.591169903596642,0.5578921715397602,1
TRK-001,"Chennai Central – Tamil Nadu, India",13.0827,80.2707,2025-01-12T03:00:00+00:00,1.9618464387425214,2.0356219046354243,30.08308206420225,3.7771117079604055,64.66824183565737,50.883490741005474,48.34985405687078,0.18782663361711394,3.098997052727535,0.563353850195518,1
TRK-001,"Chennai Central – Tamil Nadu, India",13.0827,80.2707,2025-01-12T04:00:00+00:00,2.6191212889009776,1.9296825209755766,29.36602302164078,3.1515601144074616,78.34833992735905,48.703276291188295,49.82995407732839,0.0,4.747826145204662,0.5970856734569138,1
TRK-001,"Chennai Central – Tamil Nadu, India",13.0827,80.2707,2025-01-12T05:00:00+00:00,2.106175025187482,1.2126785383667549,31.187833273373634,1.996313633258356,72.13375112062371,42.23516479478418,47.32142880153377,0.1306960909084672,3.5955288696535166,0.5412037262669924,0
TRK-001,"Chennai Central – Tamil Nadu, India",13.0827,80.2707,2025-01-12T06:00:00+00:00,1.9447202356306477,1.8231546562600638,28.278426690373593,2.2239147861779367,68.98076653300211,51.43786062900078,51.861263230937354,0.10212400486107968,6.999399141337693,0.543190419219226,0
TRK-001,"Chennai Central – Tamil Nadu, India",13.0827,80.2707,2025-01-12T07:00:00+00:00,2.2378887293763343,1.9426830016006258,29.752530915419808,2.769380718329687,62.761512540751355,44.888754618374456,47.82354246847195,0.0761030811299054,6.968650968122335,0.5490285130478292,0
TRK-001,"Chennai Central – Tamil Nadu, India",13.0827,80.2707,2025-01-12T08:00:00+00:00,2.0382870121764256,1.8840841199509157,29.58714307787831,4.002178947291681,57.600169371788525,46.44099143682478,49.626227686920515,0.06923230761060578,7.833248770693209,0.6108113837919162,1
TRK-001,"Chennai Central – Tamil Nadu, India",13.0827,80.2707,2025-01-12T09:00:00+00:00,1.8230426438321714,2.379970920216517,32.58889964341478,3.557483675994911,61.48448503392173,44.33208023192326,43.798411619910304,0.2752881607357623,5.764041919846241,0.6010405774310638,1
TRK-001,"Chennai Central – Tamil Nadu, India",13.0827,80.2707,2025-01-12T10:00:00+00:00,2.628122205465419,1.8586317422459548,29.383457312731426,3.8062565407571527,53.0339391384452,54.33525552421269,37.77457129275332,0.31593529656507086,5.86518408542358,0.5806545612142849,1
TRK-001,"Chennai Central – Tamil Nadu, India",13.0827,80.2707,2025-01-12T11:00:00+00:00,2.334392306698157,1.368255430651303,29.134072287698622,2.5679967611189567,74.25004276499497,53.547262290897216,46.80058928287705,0.09423970036687952,5.182506968897111,0.5735447460817417,1
TRK-001,"Chennai Central – Tamil Nadu, India",13.0827,80.2707,2025-01-12T12:00:00+00:00,2.3974435453214347,1.8647704484668457,30.498697120732228,3.6790407003783545,60.9630739026122,41.23948479775739,44.27693320627999,0.49326261697703216,3.319819909005257,0.5796064918567307,1
TRK-001,"Chennai Central – Tamil Nadu, India",13.0827,80.2707,2025-01-12T13:00:00+00:00,2.654379740409477,1.9012851571632392,29.67918944954135,2.877074762668086,66.34572772622688,44.58844322144631,43.14123437491548,0.138418225657914,4.606181122211825,0.5778629514833246,1
TRK-001,"Chennai Central – Tamil Nadu, India",13.0827,80.2707,2025-01-12T14:00:00+00:00,1.8867383201388304,1.582539443934375,30.861940776498194,3.05680492617001,73.82072894391193,45.831320434722805,44.45956404632787,0.13823639396757686,11.38126753196916,0.5204759461290386,0
TRK-001,"Chennai Central – Tamil Nadu, India",13.0827,80.2707,2025-01-12T15:00:00+00:00,3.050345441321431,2.037430640481047,29.474432541689616,3.3181433049013815,68.24438416205008,47.75564235147815,39.008231379079035,0.023058447965715323,10.553799309327566,0.6011659986644022,1
TRK-001,"Chennai Central – Tamil Nadu, India",13.0827,80.2707,2025-01-12T16:00:00+00:00,2.5317783248313916,2.2289421445471804,30.731601403921108,2.902002931932625,55.852033675311084,44.352297148485334,39.33115397918733,0.32920535910308285,7.8866160801248375,0.5289923354610051,0
TRK-001,"Chennai Central – Tamil Nadu, India",13.0827,80.2707,2025-01-12T17:00:00+00:00,2.0666704770414,2.022653904127007,28.432152772734224,2.5415806438530826,63.19283085328824,41.46618040980183,40.149372459977684,0.20576354931407032,7.852991932826546,0.5498497827168672,0
TRK-001,"Chennai Central – Tamil Nadu, India",13.0827,80.2707,2025-01-12T18:00:00+00:00,1.8406268786939761,2.133978523679102,30.876219783259845,2.7467875312417664,79.633183301653,56.47359026683013,39.246630289433135,0.22857923617878195,4.8304365085317995,0.5853037548031721,1
TRK-001,"Chennai Central – Tamil Nadu, India",13.0827,80.2707,2025-01-12T19:00:00+00:00,2.450343094197199,1.9325664212228653,31.120033190269577,2.5577481657816272,67.16232584004968,42.95436652716676,43.99145331814063,0.017331382454899194,6.801718330790532,0.5676342095768514,1
TRK-001,"Chennai Central – Tamil Nadu, India",13.0827,80.2707,2025-01-12T20:00:00+00:00,3.0544327005524643,1.790441870160609,28.35556847676402,3.7173902464425455,62.18246192185742,48.303363862445075,58.559763094379974,3.7087683634916857,12.21345634874078,0.623294141597746,1
TRK-001,"Chennai Central – Tamil Nadu, India",13.0827,80.2707,2025-01-12T21:00:00+00:00,1.9633890183683314,1.9145374417642753,30.459864849237793,3.4998866209590096,69.73995763986221,44.68985231343321,41.972836088966666,0.14553341970709366,6.988377447083245,0.5623974529842811,1
TRK-001,"Chennai Central – Tamil Nadu, India",13.0827,80.2707,2025-01-12T22:00:00+00:00,2.8717095461739843,1.9203342196697746,31.382918974599225,5.08198728859827,70.61175485289677,49.09978696352376,35.73840244301414,0.0,10.197055524160143,0.6154761699339096,1
TRK-001,"Chennai Central – Tamil Nadu, India",13.0827,80.2707,2025-01-12T23:00:00+00:00,2.307565373545894,1.6503365515714248,29.66405710585995,3.479143994102623,68.52376286573963,46.84175438226006,43.9017869940677,0.1246790672072366,12.429902795118652,0.5533535792971537,1
TRK-001,"Chennai Central – Tamil Nadu, India",13.0827,80.2707,2025-01-13T00:00:00+00:00,2.4734968430258517,2.043037539756451,27.913325060725693,3.748898891916389,66.48874299697191,44.82089362837377,40.43619026813824,0.4006116055708022,5.225824905258924,0.5898097081197866,1
TRK-001,"Chennai Central – Tamil Nadu, India",13.0827,80.2707,2025-01-13T01:00:00+00:00,2.525538828831172,1.9226967925685239,28.4318522722966,3.724209863394385,71.66999978015762,41.40590425026011,36.071033516940304,0.005642842038318607,10.197142740204681,0.5920615361978729,1
TRK-001,"Chennai Central – Tamil Nadu, India",13.0827,80.2707,2025-01-13T02:00:00+00:00,2.4191143338911076,2.068566859674364,28.597184497776908,2.5454836171549147,61.865338710024666,41.18399371811537,41.69670370111346,0.15525315201789985,2.6300831954411805,0.5403597350751613,0
TRK-001,"Chennai Central – Tamil Nadu, India",13.0827,80.2707,2025-01-13T03:00:00+00:00,2.1423335275628608,2.116600679911925,28.871421945366524,2.44691868034866,58.585557495030976,43.29680583579785,33.70839519684012,0.0,7.258761508675017,0.5699240605643756,1
TRK-001,"Chennai Central – Tamil Nadu, India",13.0827,80.2707,2025-01-13T04:00:00+00:00,2.065943795420649,1.9598661503915755,29.4827592568749,3.3159305079963963,69.8524756111958,51.354305001381604,43.94098137767244,0.011159637096989736,10.322412785294295,0.5606620593823415,1
TRK-001,"Chennai Central – Tamil Nadu, India",13.0827,80.2707,2025-01-13T05:00:00+00:00,1.7406650271170405,2.090168020192216,28.58722511440546,4.270683757681691,70.11401927849832,52.12042388904079,42.19998185298745,0.07261811844744351,10.109025639471522,0.6164368798234209,1
TRK-001,"Chennai Central – Tamil Nadu, India",13.0827,80.2707,2025-01-13T06:00:00+00:00,2.16175769249954,2.009576861257089,30.15762581878806,2.372876052226284,60.44768392501395,42.6335961153298,31.571837700182662,0.0,5.22406357681006,0.5760488736624615,1
TRK-001,"Chennai Central – Tamil Nadu, India",13.0827,80.2707,2025-01-13T07:00:00+00:00,3.0936021854995293,1.7170806738282516,29.321283660316173,4.702675884857918,72.03869024220056,46.644790811644164,46.331969195833615,2.3655701368969213,12.18443863112614,0.6230357059442603,1
TRK-001,"Chennai Central – Tamil Nadu, India",13.0827,80.2707,2025-01-13T08:00:00+00:00,2.6676358027352407,2.2243720451858846,27.99733366576208,3.744116552076968,72.95615863303779,43.22321113337257,46.71454506586018,1.6732206059652457,4.288974247885048,0.6236246204144483,1
TRK-001,"Chennai Central – Tamil Nadu, India",13.0827,80.2707,2025-01-13T09:00:00+00:00,2.252440457390866,1.5977543969280665,31.75636858709189,3.4178742243947737,64.48770959456219,52.90679784152934,36.438357234447444,0.12104041489052254,4.467137859362827,0.5530332226386716,1
TRK-001,"Chennai Central – Tamil Nadu, India",13.0827,80.2707,2025-01-13T10:00:00+00:00,2.0706727777677005,1.7975511771951782,29.46509808408873,2.9354858473773815,74.41987116070513,40.102283399410005,38.26352648478182,0.0,4.544507192768846,0.5155252809034626,0
TRK-001,"Chennai Central – Tamil Nadu, India",13.0827,80.2707,2025-01-13T11:00:00+00:00,1.9901331404793214,2.1553660302897977,29.357918357036773,2.7082015906153343,72.22994423178,51.053516323352355,35.234242545292375,0.0,12.230865601874696,0.5268122793906507,0
TRK-002,"Chennai Egmore – Tamil Nadu, India",13.0732,80.2609,2025-01-01T00:00:00+00:00,2.078676930852223,1.6722427308448682,25.241238502369058,3.010884363469174,67.01413735019268,48.57875678667121,40.31685072923773,0.0,8.861117181794073,0.6060131347784631,1
TRK-002,"Chennai Egmore – Tamil Nadu, India",13.0732,80.2609,2025-01-01T01:00:00+00:00,1.7964059657579279,1.6266383735732517,26.453998253193685,2.6003084711929865,68.84668843618806,48.657257687034495,51.13795059280796,0.19711879397790094,8.611625569117429,0.5465770977273913,0
TRK-002,"Chennai Egmore – Tamil Nadu, India",13.0732,80.2609,2025-01-01T02:00:00+00:00,3.060745211223944,1.5385326855353298,24.353388736010434,3.7897402993236744,71.86550603750881,49.65247355380401,52.37727254731273,2.757418316267236,7.195949362379122,0.6292328889361039,1
TRK-002,"Chennai Egmore – Tamil Nadu, India",13.0732,80.2609,2025-01-01T03:00:00+00:00,2.1359571736173253,1.7836498197441413,25.93902837643377,1.9410764374494789,62.08973217864771,42.67196291610011,40.59704137321744,0.11406872014105682,5.069699911571164,0.5365216727609871,0
TRK-002,"Chennai Egmore – Tamil Nadu, India",13.0732,80.2609,2025-01-01T04:00:00+00:00,2.3810927657376433,2.2536184150163714,24.592275246895326,3.4788674111010147,61.481394380079756,40.1548522013418,39.863285823122006,0.050381144538609715,2.1561782737772544,0.5655095484134409,1
TRK-002,"Chennai Egmore – Tamil Nadu, India",13.0732,80.2609,2025-01-01T05:00:00+00:00,2.4156343642606943,1.6360160974118743,24.754397029195808,2.8843623908354563,66.86084272436939,35.662203945908075,40.18754386788039,0.10131093403083107,7.275878009876893,0.5270779538834827,0
TRK-002,"Chennai Egmore – Tamil Nadu, India",13.0732,80.2609,2025-01-01T06:00:00+00:00,1.776672710739887,1.8568228424560438,25.83185493069514,2.120895950692314,65.42713870104878,44.95977760868698,38.20810924751433,0.0,0.22235836726716585,0.5234127216735921,0
TRK-002,"Chennai Egmore – Tamil Nadu, India",13.0732,80.2609,2025-01-01T07:00:00+00:00,2.1226934748895725,1.6388907662792576,24.00164097832581,3.3153086659077364,59.83137434229095,44.194385504021625,36.83075412721973,0.09496367331816162,2.6443470482714346,0.5233372457013128,0
TRK-002,"Chennai Egmore – Tamil Nadu, India",13.0732,80.2609,2025-01-01T08:00:00+00:00,2.2780340518310243,1.8101403337461373,28.086995511047142,2.754185983848755,63.40423228480368,39.33584957528221,39.13074255201578,0.10710318035798629,5.0789545242761305,0.5322962128704397,0
TRK-002,"Chennai Egmore – Tamil Nadu, India",13.0732,80.2609,2025-01-01T09:00:00+00:00,1.7860214834207633,1.6724057331165914,24.62400750613249,1.8091920873115517,68.12622577783654,43.06681383761585,34.156670690198766,0.0,8.751359635878845,0.525206474168984,0
TRK-002,"Chennai Egmore – Tamil Nadu, India",13.0732,80.2609,2025-01-01T10:00:00+00:00,2.687536024190547,2.005252042483133,24.055896025662154,3.1252471095131837,68.88621597540161,38.58430884880843,41.48878019467608,0.0,3.2571166025686225,0.519308101084198,0
TRK-002,"Chennai Egmore – Tamil Nadu, India",13.0732,80.2609,2025-01-01T11:00:00+00:00,2.189590551360169,2.109510190024617,25.870014364748066,3.017102802925097,70.5294939957184,46.71504434422008,33.42734076788905,0.15548719477188588,7.4697838583409375,0.5879252750144676,1
TRK-002,"Chennai Egmore – Tamil Nadu, India",13.0732,80.2609,2025-01-01T12:00:00+00:00,2.4849833307154903,1.4485992760435638,26.111823855270632,3.9542436773387726,77.05853824325798,48.385776040516575,40.35348267265706,0.41773369439193936,8.909474877431345,0.5788698758748467,1
TRK-002,"Chennai Egmore – Tamil Nadu, India",13.0732,80.2609,2025-01-01T13:00:00+00:00,2.8330138380461074,1.9173652726778008,25.907088390756098,3.2713658028449832,77.39367252808745,47.849876093785795,35.10681073809807,0.1431442421748675,6.262218377657545,0.6110782911331447,1
TRK-002,"Chennai Egmore – Tamil Nadu, India",13.0732,80.2609,2025-01-01T14:00:00+00:00,2.3575275344245123,2.3150647344968,25.192724627750323,3.438685412945372,52.84940744535953,50.08565414104065,41.135513850720315,0.029439527042516088,6.910286518288421,0.564210518826472,1
TRK-002,"Chennai Egmore – Tamil Nadu, India",13.0732,80.2609,2025-01-01T15:00:00+00:00,1.6437052043519023,1.370534272173694,26.775188834939275,3.0557924664502387,54.030095757727935,51.737933170749045,36.161426946300914,0.0,7.305461839309896,0.565314504078358,1
TRK-002,"Chennai Egmore – Tamil Nadu, India",13.0732,80.2609,2025-01-01T16:00:00+00:00,2.3595137576787253,1.5032696886383545,23.86422809546239,3.435246780841872,71.58723979640715,39.43382804002812,41.794772981173395,0.25052911256837407,6.290818439923207,0.5479272388249662,0
TRK-002,"Chennai Egmore – Tamil Nadu, India",13.0732,80.2609,2025-01-01T17:00:00+00:00,2.431065786552173,2.1125243029960616,26.86546808662721,3.4860808415393816,73.08886076600513,49.45942830460197,35.36016826168564,0.08220730586855839,9.99002128995459,0.5834577629128315,1
TRK-002,"Chennai Egmore – Tamil Nadu, India",13.0732,80.2609,2025-01-01T18:00:00+00:00,2.09012943979171,2.038688689906189,25.496628972169336,3.537404979517123,74.00427110196632,47.438316058940295,33.191352300723416,0.0,7.724356478807288,0.5797562696579072,1
TRK-002,"Chennai Egmore – Tamil Nadu, India",13.0732,80.2609,2025-01-01T19:00:00+00:00,2.1012560436984895,1.9017174594922968,24.28301460169549,3.3082528987897333,75.45536804870363,44.26466503670982,40.50158515296225,0.23865630728941722,7.6754990022930745,0.5745140347997594,1
TRK-002,"Chennai Egmore – Tamil Nadu, India",13.0732,80.2609,2025-01-01T20:00:00+00:00,2.0842549016725256,1.7904019729890062,26.255094828817853,3.3043350325618572,67.04381006465279,43.801463507450094,41.302948557321535,0.0,6.086566576760419,0.5567402712964897,1
TRK-002,"Chennai Egmore – Tamil Nadu, India",13.0732,80.2609,2025-01-01T21:00:00+00:00,1.5664275162592187,1.6765528188639447,27.705086445153125,3.6211776325822096,54.65346480612676,43.42009783085575,33.320186736053884,0.0,8.154169943755702,0.5626419502497437,1
TRK-002,"Chennai Egmore – Tamil Nadu, India",13.0732,80.2609,2025-01-01T22:00:00+00:00,1.8549939272657405,1.7952155846867845,26.87643030974955,3.0919422029525205,69.96023009121284,46.26104431699947,32.21276337948238,0.13655005494150724,6.1044439321323845,0.5519157640724681,1
TRK-002,"Chennai Egmore – Tamil Nadu, India",13.0732,80.2609,2025-01-01T23:00:00+00:00,1.8466708749082026,1.4536392266731917,27.07399194377085,3.431093177768527,67.89769305509877,40.01467930390208,43.45274557980565,0.0021128296350464842,4.719096028563507,0.5611045180576277,1
TRK-002,"Chennai Egmore – Tamil Nadu, India",13.0732,80.2609,2025-01-02T00:00:00+00:00,2.159677916280598,1.4860666441480186,26.483251599616917,2.892424659373414,68.94266217718693,52.223057956008326,38.89821493533401,0.054614407630336564,4.564661995617545,0.5966997420706636,1
TRK-002,"Chennai Egmore – Tamil Nadu, India",13.0732,80.2609,2025-01-02T01:00:00+00:00,2.2337510632201627,1.7940177893243947,26.83115708853112,2.6642052834803436,69.4132629367519,39.008537175748906,39.02704229315903,0.0,9.177123949956165,0.5512602796221249,1
TRK-002,"Chennai Egmore – Tamil Nadu, India",13.0732,80.2609,2025-01-02T02:00:00+00:00,2.122017758465323,1.8716829624493538,26.507881948320684,4.11489316980281,64.46773383138186,43.02295241303216,32.33140186384722,0.14690910113897793,13.281162564773513,0.564782168642371,1
TRK-002,"Chennai Egmore – Tamil Nadu, India",13.0732,80.2609,2025-01-02T03:00:00+00:00,1.9789194096386393,2.394910182431961,27.41430601946644,2.6794107838454746,67.05557792832343,43.657059318166674,36.987796643322035,0.01435943349860061,12.414459348865092,0.5117247492011868,0
TRK-002,"Chennai Egmore – Tamil Nadu, India",13.0732,80.2609,2025-01-02T04:00:00+00:00,2.4385845073927364,1.4335164242935414,24.036745568816624,3.9290308260170668,64.40953154449937,50.30077482876017,47.62492384301996,0.19618947108455528,11.531463999304973,0.5794957761686047,1
TRK-002,"Chennai Egmore – Tamil Nadu, India",13.0732,80.2609,2025-01-02T05:00:00+00:00,2.524724188124789,1.6840958492024993,25.24389456260248,3.2948787841699025,69.95089237536006,46.57216258964179,34.89683865769724,0.0,1.441816414929166,0.5724515063366359,1
TRK-002,"Chennai Egmore – Tamil Nadu, India",13.0732,80.2609,2025-01-02T06:00:00+00:00,1.7838034684575597,2.04780861876236,25.72133263052903,3.191664745161053,64.24275266949546,48.693915983127994,41.47397133536272,0.0,13.066326852560428,0.5887784427142196,1
TRK-002,"Chennai Egmore – Tamil Nadu, India",13.0732,80.2609,2025-01-02T07:00:00+00:00,2.2074458790578606,1.4725296815448483,24.214855538611207,2.1541500042695945,73.27323912107425,53.44927376715078,36.89526571641604,0.0647296029217655,6.261013231862682,0.5444598067337615,0
TRK-002,"Chennai Egmore – Tamil Nadu, India",13.0732,80.2609,2025-01-02T08:00:00+00:00,2.1383178485285645,2.15555635042019,27.4785984810716,3.12312647216042,73.49039361010543,51.2571027716967,31.663259251058157,0.04712098821235963,5.858537977811799,0.5859401466459224,1
TRK-002,"Chennai Egmore – Tamil Nadu, India",13.0732,80.2609,2025-01-02T09:00:00+00:00,2.144371951476395,1.8999410297422856,28.030608855396626,2.7671910471028998,63.9487364123386,46.80814021782037,37.00683768718758,0.12175213726192527,4.376590754521839,0.5486585981306236,0
TRK-002,"Chennai Egmore – Tamil Nadu, India",13.0732,80.2609,2025-01-02T10:00:00+00:00,2.313619103581903,1.9683918906548823,23.669835740207787,1.9902418597007114,67.33376631007344,40.06284687892112,33.4461269797398,0.08114627435082157,7.475536981548812,0.5857149559242006,1
TRK-002,"Chennai Egmore – Tamil Nadu, India",13.0732,80.2609,2025-01-02T11:00:00+00:00,2.195448751671883,1.6958083423399692,25.80952721391473,2.4529299759355645,67.849370998274,47.09555296449147,35.46715105343086,0.1533009237364027,5.22287813216834,0.5141694780262248,0
TRK-002,"Chennai Egmore – Tamil Nadu, India",13.0732,80.2609,2025-01-02T12:00:00+00:00,1.7455112478023207,2.056777827314248,26.45408753676703,2.4998297690380062,50.3473145269118,39.41867625690983,44.6662851286034,0.39517818908442803,7.059320658044099,0.5312702240698419,0
TRK-002,"Chennai Egmore – Tamil Nadu, India",13.0732,80.2609,2025-01-02T13:00:00+00:00,2.2926073733576833,1.7657723989102607,24.719102851231664,2.929349908802305,58.45024573290744,47.1342035341857,37.571464547742046,0.0,4.776944260663315,0.5517230333458104,1
TRK-002,"Chennai Egmore – Tamil Nadu, India",13.0732,80.2609,2025-01-02T14:00:00+00:00,1.8429201034944813,1.9443295620043621,25.543692312227574,3.149685373122471,58.44605130780319,46.44939400845725,41.08568445658871,0.13645404266842048,7.350986560996301,0.5595360077685277,1
TRK-002,"Chennai Egmore – Tamil Nadu, India",13.0732,80.2609,2025-01-02T15:00:00+00:00,2.231163612685297,1.9724445242813125,26.799756108629765,3.2034594343204965,73.62753202529835,49.022269502897146,42.360724590530396,0.1635694268987323,6.828521793681025,0.5559048233014766,1
TRK-002,"Chennai Egmore – Tamil Nadu, India",13.0732,80.2609,2025-01-02T16:00:00+00:00,2.7564905259624073,1.7303488559890066,25.662393266204795,3.036577510143368,60.50244360500294,39.29594510800302,38.25669649420532,0.4214353273889167,5.998532468869346,0.5409718206227192,0
TRK-002,"Chennai Egmore – Tamil Nadu, India",13.0732,80.2609,2025-01-02T17:00:00+00:00,1.895369141543787,2.0858377497089506,25.2700348766745,2.775088400157029,70.21858056694461,44.08534591046556,50.00147127248154,0.15581656390543147,2.1243794521536334,0.5566194990685762,1
TRK-002,"Chennai Egmore – Tamil Nadu, India",13.0732,80.2609,2025-01-02T18:00:00+00:00,1.4989261688439366,1.586728606003883,25.523235845897002,3.184014222318451,66.69780413199435,47.25331053775518,36.51775977406521,0.05270952430932123,3.2266020659448023,0.5462767784321594,0
TRK-002,"Chennai Egmore – Tamil Nadu, India",13.0732,80.2609,2025-01-02T19:00:00+00:00,2.0126476107898195,1.4441685005404419,26.213794149904892,3.2199488170722996,69.17154779676152,49.170728270089405,42.99358866456289,0.220369541718262,9.958932965315238,0.5809062002869763,1
TRK-002,"Chennai Egmore – Tamil Nadu, India",13.0732,80.2609,2025-01-02T20:00:00+00:00,1.4632837942048726,1.4561197079980117,25.703820844430872,3.485484463061639,66.54434006221582,53.61304402840332,40.37746046377228,0.0,1.3427151682866159,0.5137933619909413,0
TRK-002,"Chennai Egmore – Tamil Nadu, India",13.0732,80.2609,2025-01-02T21:00:00+00:00,2.0019986461113186,1.9593674776696735,25.156022942446324,2.1401397324003817,74.75966182517652,46.22275401119548,46.132786135375305,0.08511470276944472,5.637439693115721,0.5110123778483402,0
TRK-002,"Chennai Egmore – Tamil Nadu, India",13.0732,80.2609,2025-01-02T22:00:00+00:00,2.2627261824294997,2.066451336011081,25.317736085131177,1.6245694709965657,62.373990403247504,40.74496074763809,39.32514997773039,0.1807041626182716,4.898314458151865,0.5423463488550043,0
TRK-002,"Chennai Egmore – Tamil Nadu, India",13.0732,80.2609,2025-01-02T23:00:00+00:00,2.896004024284016,1.7392335840226065,24.663317173292633,3.5925267440161908,62.20007248778798,47.4419659913963,46.11589434138969,1.526077236548105,6.640302201276953,0.6328696266194647,1
TRK-002,"Chennai Egmore – Tamil Nadu, India",13.0732,80.2609,2025-01-03T00:00:00+00:00,2.0719153548237963,2.0041301734362804,25.619535940008596,3.1336195668321443,61.61520721159897,46.36871408637367,44.79393001545947,0.19505679872131532,6.5238885017467645,0.536996523766764,0
TRK-002,"Chennai Egmore – Tamil Nadu, India",13.0732,80.2609,2025-01-03T01:00:00+00:00,2.399611237193604,1.8086786088075304,24.69679843702036,2.9822064247808027,65.89124275672135,45.70001911836888,39.87254536306562,0.3372136189732376,11.563068391946482,0.5283976334261605,0
TRK-002,"Chennai Egmore – Tamil Nadu, India",13.0732,80.2609,2025-01-03T02:00:00+00:00,3.1009254098662384,2.1721810321584676,25.84232055310506,2.9022050348707324,63.26068488644413,48.68972890126185,47.25295335510734,0.11552396924511407,0.08988804876517634,0.5839771032944424,1
TRK-002,"Chennai Egmore – Tamil Nadu, India",13.0732,80.2609,2025-01-03T03:00:00+00:00,1.980170637893238,1.8751603558397223,23.533140938370064,2.2692099119109157,63.99093185821297,47.734908779272395,40.066659020222765,0.03819567641191134,3.5830786695136214,0.5152023956362627,0
TRK-002,"Chennai Egmore – Tamil Nadu, India",13.0732,80.2609,2025-01-03T04:00:00+00:00,2.310746961869572,1.83392280346435,26.30180161629392,2.479590917820027,66.12388416874968,43.84037101989011,35.341026389731105,0.0,11.992699754492914,0.5160510275892987,0
TRK-002,"Chennai Egmore – Tamil Nadu, India",13.0732,80.2609,2025-01-03T05:00:00+00:00,2.3237591637819253,2.183463241921395,25.425168097575813,3.6081765258790988,65.99326405675376,51.96978589281987,41.479253779004324,1.5231480547755436,4.313050187157142,0.5733881347827198,1
TRK-002,"Chennai Egmore – Tamil Nadu, India",13.0732,80.2609,2025-01-03T06:00:00+00:00,1.619544345365989,1.1343867867920072,25.49126212819446,2.2225581596082673,55.41006290401662,45.33243761935258,38.39768842357783,0.0,4.822425337938583,0.4656283059545025,0
TRK-002,"Chennai Egmore – Tamil Nadu, India",13.0732,80.2609,2025-01-03T07:00:00+00:00,1.6554567444879253,1.6674937077601657,26.046287394019963,2.000499794493739,68.55626582440544,55.021439770055835,38.86304568793769,0.2949078285479498,9.162877702339843,0.4972106418162515,0
TRK-002,"Chennai Egmore – Tamil Nadu, India",13.0732,80.2609,2025-01-03T08:00:00+00:00,1.652656026087556,1.165767966266146,27.43448650849595,2.682237570328602,60.58833908074816,43.124792271735366,34.424545113111435,0.0,14.267343703250488,0.491494854270306,0
TRK-002,"Chennai Egmore – Tamil Nadu, India",13.0732,80.2609,2025-01-03T09:00:00+00:00,2.151303496984441,2.0270611456564875,25.371389899121755,3.458100508187879,68.57941460058349,41.55378800052246,42.39943550092876,0.12742077713785835,3.797071132987501,0.5287433527069277,0
TRK-002,"Chennai Egmore – Tamil Nadu, India",13.0732,80.2609,2025-01-03T10:00:00+00:00,2.1883601999774607,2.111022110169423,26.239286426002497,3.2637034259595405,66.69399063781292,46.95196390985092,43.80904597073657,0.0,10.297551981355932,0.6109553906414777,1
TRK-002,"Chennai Egmore – Tamil Nadu, India",13.0732,80.2609,2025-01-03T11:00:00+00:00,2.5842374559165284,1.3821150961974096,26.64305859761195,3.124960635756067,63.56447110590247,46.057361236827646,37.80561094860293,0.043479127409849404,10.745934927455286,0.5379607077533612,0
TRK-002,"Chennai Egmore – Tamil Nadu, India",13.0732,80.2609,2025-01-03T12:00:00+00:00,2.4780097754856927,1.7005749147448483,25.81993435212682,2.6702231847403723,58.599507438522075,49.87765735736498,39.83951024900902,0.07205688407734866,1.0492042916843902,0.5954580382684297,1
TRK-002,"Chennai Egmore – Tamil Nadu, India",13.0732,80.2609,2025-01-03T13:00:00+00:00,1.9061533621838223,1.5078228078352287,24.850963566468664,2.054929004749658,56.607667497777456,43.9844887735428,40.52929257732628,0.025385919915359934,4.035989378846353,0.5284631995346188,0
TRK-002,"Chennai Egmore – Tamil Nadu, India",13.0732,80.2609,2025-01-03T14:00:00+00:00,2.387720499396896,1.925595399416564,26.20790708087122,2.9372467815818584,69.12891803718422,45.53681103247627,42.77760994366137,0.0,6.2384873166234005,0.5337214762871376,0
TRK-002,"Chennai Egmore – Tamil Nadu, India",13.0732,80.2609,2025-01-03T15:00:00+00:00,2.2171989202120597,1.55812021622185,26.362083679983787,2.852478428273883,57.56214588963243,41.6625962684863,37.33041518985996,0.005359097131797455,10.59417088466647,0.5527868931135406,1
TRK-002,"Chennai Egmore – Tamil Nadu, India",13.0732,80.2609,2025-01-03T16:00:00+00:00,2.4805952560281903,1.927310557125749,24.961019532293857,4.393421575846271,65.69101448800393,53.674592645735906,41.84325738654903,0.2013992496447976,3.401203612680349,0.5929287983589947,1
TRK-002,"Chennai Egmore – Tamil Nadu, India",13.0732,80.2609,2025-01-03T17:00:00+00:00,2.3917080475615156,2.2756545886357995,27.177183236478008,3.2093999505955106,65.71379529194621,46.13430395860798,39.43355248602701,0.13636360633824238,8.193892450601346,0.6158692479988244,1
TRK-002,"Chennai Egmore – Tamil Nadu, India",13.0732,80.2609,2025-01-03T18:00:00+00:00,1.5879487137344521,1.4946869470372632,26.064296399169102,2.28041208096462,54.42238395936268,40.087992996031176,42.650368319755295,0.04148241915395333,8.11862476913811,0.5274346391848702,0
TRK-002,"Chennai Egmore – Tamil Nadu, India",13.0732,80.2609,2025-01-03T19:00:00+00:00,1.8900030793803895,1.8054675757927874,25.249773239656513,4.142304586738057,68.0832501231741,47.61479581652845,38.208085365466154,0.1035673526012226,8.8446268673155,0.5474692128188897,0
TRK-002,"Chennai Egmore – Tamil Nadu, India",13.0732,80.2609,2025-01-03T20:00:00+00:00,2.0884744207659733,1.7556792294706551,25.777503577335956,2.688552392074247,57.18016959033483,43.35616674165566,42.68168726243287,0.09106125290321997,2.7425086115120574,0.5464995969165856,0
TRK-002,"Chennai Egmore – Tamil Nadu, India",13.0732,80.2609,2025-01-03T21:00:00+00:00,2.438300398990689,2.031522322260013,25.182009316580313,3.4411382942919615,66.54869499922297,46.65196180812718,45.02567218075503,0.0680945917728739,8.770762844213746,0.5884749741516039,1
TRK-002,"Chennai Egmore – Tamil Nadu, India",13.0732,80.2609,2025-01-03T22:00:00+00:00,2.0923382621592164,1.7744923993553314,26.089196220846958,1.7614990236552084,58.14983742108845,42.36311106293075,40.881622625347966,0.0,8.245839070796361,0.5257850345716191,0
TRK-002,"Chennai Egmore – Tamil Nadu, India",13.0732,80.2609,2025-01-03T23:00:00+00:00,2.042771703066433,1.6627559775307903,24.762662191070604,3.6349345378720486,60.5521662527175,49.18554869400375,39.77360706369036,0.24990971294927217,0.0,0.5628220023520528,1
TRK-002,"Chennai Egmore – Tamil Nadu, India",13.0732,80.2609,2025-01-04T00:00:00+00:00,2.4339448342461756,2.422161473145558,24.799537883471988,3.1854963306430104,60.8293814586667,42.55565606235637,44.616069903780065,0.20314276017282368,2.013768175684604,0.5521270176534283,1
TRK-002,"Chennai Egmore – Tamil Nadu, India",13.0732,80.2609,2025-01-04T01:00:00+00:00,2.3170274663532826,1.87724344283567,26.87033955567077,2.632615539773774,62.38095121236658,52.6273385988072,46.33266609352235,0.0,8.308838359698592,0.5638918397386179,1
TRK-002,"Chennai Egmore – Tamil Nadu, India",13.0732,80.2609,2025-01-04T02:00:00+00:00,2.3150429105938857,1.6736842568785824,27.657837119353005,3.3614861076369675,67.82998015910078,43.88114319920571,49.4892353201642,0.0,7.089501361379915,0.5533134894757743,1
TRK-002,"Chennai Egmore – Tamil Nadu, India",13.0732,80.2609,2025-01-04T03:00:00+00:00,1.8190720138879468,1.8443917937314738,24.922966754634786,3.34766428373214,69.04705988119491,46.5941184982823,42.60098550714194,0.19695892288402433,5.220777330934203,0.581483861180197,1
TRK-002,"Chennai Egmore – Tamil Nadu, India",13.0732,80.2609,2025-01-04T04:00:00+00:00,2.108715024346026,1.5385495780245348,27.10178090019594,2.668291245053976,66.3669856399419,51.42697847318751,41.20547241312006,0.05433732788073027,4.743908521367973,0.5571583834190625,1
TRK-002,"Chennai Egmore – Tamil Nadu, India",13.0732,80.2609,2025-01-04T05:00:00+00:00,2.9547631758216597,1.4770428343720128,29.385177103455547,3.675784091883626,61.25420898647193,54.63572881774799,49.97254920947667,1.3495909172276455,8.935044257808933,0.6003317533609696,1
TRK-002,"Chennai Egmore – Tamil Nadu, India",13.0732,80.2609,2025-01-04T06:00:00+00:00,1.93284740087385,1.8642836513737457,26.357116302547155,3.673649870883339,59.121883265683316,49.621361483004094,51.37120462176666,0.03248984427072828,4.509423546879029,0.5862481862830322,1
TRK-002,"Chennai Egmore – Tamil Nadu, India",13.0732,80.2609,2025-01-04T07:00:00+00:00,1.7227264957510027,1.4844880801075473,24.314653388542165,2.804890415758121,66.04763603923972,47.68768901187889,47.82362977385836,0.0,6.323298936794187,0.5683794199187353,1
TRK-002,"Chennai Egmore – Tamil Nadu, India",13.0732,80.2609,2025-01-04T08:00:00+00:00,2.2611767487166206,1.3019190358971535,24.607031535740976,2.6358817034750457,66.78813201080045,50.88406788138057,43.331482175342586,0.08883879139906334,5.538439768131807,0.5532136756742806,1
TRK-002,"Chennai Egmore – Tamil Nadu, India",13.0732,80.2609,2025-01-04T09:00:00+00:00,1.9574369597770827,2.3089037405212656,26.223890493061088,3.5826030901452963,61.34541465281518,49.063644701979236,47.56897099244256,0.3626985417917782,8.488733101568824,0.5973388671364707,1
TRK-002,"Chennai Egmore – Tamil Nadu, India",13.0732,80.2609,2025-01-04T10:00:00+00:00,3.0079679795976806,1.7444839687840212,24.741884179126874,2.989377286778441,49.63257096140384,45.783641603203506,55.53533845922852,3.0995543451324927,4.561473759712287,0.6489325668122042,1
TRK-002,"Chennai Egmore – Tamil Nadu, India",13.0732,80.2609,2025-01-04T11:00:00+00:00,2.146184495750939,1.8842159580150757,27.000259866381732,3.324498866321865,61.51383288415659,45.14435715834105,47.019814551153615,0.0491218537681193,10.405681542519217,0.5637238497060629,1
TRK-002,"Chennai Egmore – Tamil Nadu, India",13.0732,80.2609,2025-01-04T12:00:00+00:00,2.3683722175353785,2.6625576505197714,27.917966330028314,2.4864524720579757,75.27939705634215,44.92829389569114,49.87895380998608,0.22514248429314632,6.020776700755266,0.5995120764848777,1
TRK-002,"Chennai Egmore – Tamil Nadu, India",13.0732,80.2609,2025-01-04T13:00:00+00:00,2.8636843738492366,2.2761795944465635,24.906593927879573,5.013762201891159,68.85111774148102,51.97464754861738,61.91945513985376,4.310250171515033,13.935589151258014,0.6581959873318084,1
TRK-002,"Chennai Egmore – Tamil Nadu, India",13.0732,80.2609,2025-01-04T14:00:00+00:00,2.0240911147773093,1.8456268604755406,25.692427005614555,3.116636270930684,56.57844140214334,45.224636243429266,52.83373729694897,0.6582755739691202,4.981045533117372,0.5776119008799185,1
TRK-002,"Chennai Egmore – Tamil Nadu, India",13.0732,80.2609,2025-01-04T15:00:00+00:00,1.9102820171300108,2.0173413720442404,25.344712591251053,2.036127428731432,51.063011499310974,46.4508648729034,47.87795200425638,0.2558792202014417,8.651862088158511,0.5842576963332182,1
TRK-002,"Chennai Egmore – Tamil Nadu, India",13.0732,80.2609,2025-01-04T16:00:00+00:00,1.9848572092581902,1.5843599151872194,25.383845189579908,3.171731125854047,59.22054135002178,49.552774486112554,53.15163589571195,0.1150175320911572,9.69534058725147,0.5592888607189147,1
TRK-002,"Chennai Egmore – Tamil Nadu, India",13.0732,80.2609,2025-01-04T17:00:00+00:00,2.391692376718954,1.7896018273221708,28.223351194392094,2.889536003699089,61.21030706137771,41.50006849493865,50.085620820225174,0.0,8.181174997943192,0.5982088923433568,1
TRK-002,"Chennai Egmore – Tamil Nadu, India",13.0732,80.2609,2025-01-04T18:00:00+00:00,1.9297039198391304,1.7431486015448752,25.439215025884305,3.2081285329105937,58.91966527053612,43.08921444700871,47.64919926921681,0.17574310403351232,12.217539951580246,0.5127674695587325,0
TRK-002,"Chennai Egmore – Tamil Nadu, India",13.0732,80.2609,2025-01-04T19:00:00+00:00,2.769646030310366,1.8632787628440575,26.453176870527983,3.045822796688453,59.3020990427236,49.81111117457167,50.331225693965216,0.2337600627757423,6.402744428701481,0.5724819670911855,1
TRK-002,"Chennai Egmore – Tamil Nadu, India",13.0732,80.2609,2025-01-04T20:00:00+00:00,1.3123095801371045,1.7589164590936681,26.309099727312635,2.762989636027601,66.27232064040308,45.51740048922649,49.7207468801852,0.08122960208202776,13.339990949852085,0.5415473462829236,0
TRK-002,"Chennai Egmore – Tamil Nadu, India",13.0732,80.2609,2025-01-04T21:00:00+00:00,2.050359878800362,1.8206543272935902,25.044634912919246,2.3345570445775983,85.08505308429322,49.69118492913998,54.9674950078145,0.7052982325002999,4.721179579082714,0.5470637255963822,0
TRK-002,"Chennai Egmore – Tamil Nadu, India",13.0732,80.2609,2025-01-04T22:00:00+00:00,2.377970426185409,2.230365318490317,25.399084885483187,4.328317323269585,76.77684910473957,52.328226184631504,62.60762250987174,2.681116398388023,3.83127860353483,0.6084302318593026,1
TRK-002,"Chennai Egmore – Tamil Nadu, India",13.0732,80.2609,2025-01-04T23:00:00+00:00,2.0967266400451248,1.6822148374155184,25.76764546404667,2.6902535755413095,71.7710719728286,48.42471294516434,50.4137948682505,0.0,0.8841684802827752,0.5394853418324635,0
TRK-002,"Chennai Egmore – Tamil Nadu, India",13.0732,80.2609,2025-01-05T00:00:00+00:00,1.6450060694432342,1.4745208249795325,25.77361581027385,2.4603411642699995,64.54113170216148,48.30636276025012,53.193421204468436,0.12885557638499312,3.6593758355379675,0.5316197301661771,0
TRK-002,"Chennai Egmore – Tamil Nadu, India",13.0732,80.2609,2025-01-05T01:00:00+00:00,1.439041385132418,1.9407480857992785,26.337391586336846,3.09481439073462,59.74398124247904,43.78766121355618,53.57497942736177,0.31456310184934955,6.142548245853155,0.5453309616783883,0
TRK-002,"Chennai Egmore – Tamil Nadu, India",13.0732,80.2609,2025-01-05T02:00:00+00:00,1.3549647986980466,1.306859120485568,24.73476176661032,2.6680661328716466,70.0481716389096,44.13871806460947,48.853888634009905,0.0,12.314527847460239,0.48772586001754553,0
TRK-002,"Chennai Egmore – Tamil Nadu, India",13.0732,80.2609,2025-01-05T03:00:00+00:00,2.0563776691366176,1.9504649045287203,25.219767090867215,2.1204580758720963,61.2555535890624,50.616828175985006,53.89038877019392,0.1175047896779095,9.260826273276335,0.5690484666245609,1
TRK-002,"Chennai Egmore – Tamil Nadu, India",13.0732,80.2609,2025-01-05T04:00:00+00:00,1.9638918052031928,1.5295882062784096,24.72543531872053,2.258712319871141,64.3804660293642,44.73785460001103,48.13719388904688,0.0,7.750893017994517,0.5266619633822415,0
TRK-002,"Chennai Egmore – Tamil Nadu, India",13.0732,80.2609,2025-01-05T05:00:00+00:00,2.1736963802476783,1.392457487283989,27.521885012393597,3.881450403881795,65.63201690252708,46.59434150084387,52.87287034792581,0.26565073833579317,5.612764042620545,0.5897525879692769,1
TRK-002,"Chennai Egmore – Tamil Nadu, India",13.0732,80.2609,2025-01-05T06:00:00+00:00,2.6173837808121383,2.177127201135261,27.59485526224947,3.62141508584184,66.48795760270269,41.68814575146643,49.22362240135066,0.060218674210428244,7.982402981720369,0.5732792641546659,1
TRK-002,"Chennai Egmore – Tamil Nadu, India",13.0732,80.2609,2025-01-05T07:00:00+00:00,2.150450260176487,1.399678215768677,24.400770474350693,3.355356203726128,53.45979656590504,45.61506184955723,54.11334482782654,0.1673040432350959,6.567610595554394,0.6077832624229105,1
TRK-002,"Chennai Egmore – Tamil Nadu, India",13.0732,80.2609,2025-01-05T08:00:00+00:00,1.3817945825295697,1.6814350652651677,24.467897164484246,2.202869139958158,66.25058064046226,45.18393606868314,56.50086422516762,0.03875433951949503,4.14358566057234,0.5069044181948958,0
TRK-002,"Chennai Egmore – Tamil Nadu, India",13.0732,80.2609,2025-01-05T09:00:00+00:00,1.6778548227849772,1.8398180417725358,26.142988069989258,3.20362368938025,62.1903819251455,55.18113044834663,59.31693974129083,0.08231929084008675,4.759927017787671,0.5616140213160645,1
TRK-002,"Chennai Egmore – Tamil Nadu, India",13.0732,80.2609,2025-01-05T10:00:00+00:00,1.914806516402834,2.022928339204383,26.64039653546854,3.2411401690965476,71.52286433404771,47.353552586342225,54.59141361905833,0.01090897706741413,6.848602648368399,0.5677075654433489,1
TRK-002,"Chennai Egmore – Tamil Nadu, India",13.0732,80.2609,2025-01-05T11:00:00+00:00,1.8908640002750932,1.9008916011657457,25.299475536232553,3.0762716527485146,70.12636721753091,44.855364413850666,55.204575808838726,0.0,12.356862245863917,0.5848863088829974,1
TRK-002,"Chennai Egmore – Tamil Nadu, India",13.0732,80.2609,2025-01-05T12:00:00+00:00,1.9306662081097659,2.202741594408782,26.67613694901057,2.397889552727442,64.33223624711161,46.7592035994293,54.58252053091654,0.10588384566631427,7.77287006101043,0.5590697152978159,1
TRK-002,"Chennai Egmore – Tamil Nadu, India",13.0732,80.2609,2025-01-05T13:00:00+00:00,1.9613302035429578,1.2463036459305703,25.060264967753028,3.0927934846886513,54.30722829895599,41.831723220758036,51.699636943105226,0.0,7.970395152851831,0.5013849003714398,0
TRK-002,"Chennai Egmore – Tamil Nadu, India",13.0732,80.2609,2025-01-05T14:00:00+00:00,1.7762627813216072,1.5257025041928212,25.39518798896425,3.2295067863781193,69.1654366884195,45.757042504916456,58.1426001964951,0.0,11.804714133686279,0.5542179044723125,1
TRK-002,"Chennai Egmore – Tamil Nadu, India",13.0732,80.2609,2025-01-05T15:00:00+00:00,2.0282268372484276,1.3607723537201282,27.39453689178219,2.4044003784772983,62.80129424329178,46.10111764108106,55.63414973192943,0.0,9.427352465156801,0.5432313232829219,0
TRK-002,"Chennai Egmore – Tamil Nadu, India",13.0732,80.2609,2025-01-05T16:00:00+00:00,2.681802853129817,2.1273839104513423,25.875913793890177,3.425517449553499,58.98946335291487,52.88833126491002,51.652591214166286,0.20471043315608728,7.729901236758524,0.5681145892477951,1
TRK-002,"Chennai Egmore – Tamil Nadu, India",13.0732,80.2609,2025-01-05T17:00:00+00:00,2.8649664192509845,1.9978155590661968,25.905695689840343,2.625366378606697,68.75248414385625,43.06319889597527,58.076337581287795,1.4594065440813098,4.847777753901413,0.6077648673621188,1
TRK-002,"Chennai Egmore – Tamil Nadu, India",13.0732,80.2609,2025-01-05T18:00:00+00:00,1.8929979692874663,1.6022930555455703,26.45153878351627,3.137138322806599,70.88327209890313,54.266058787267035,61.181869587906675,0.0,4.542776007999865,0.6192220616481579,1
TRK-002,"Chennai Egmore – Tamil Nadu, India",13.0732,80.2609,2025-01-05T19:00:00+00:00,2.2757402263685345,1.7789667673344327,24.72458922538793,3.3842200857696,58.78006863893179,45.771661863253584,60.231736612653044,0.13548627906203836,9.040834034705577,0.5050134625571945,0
TRK-002,"Chennai Egmore – Tamil Nadu, India",13.0732,80.2609,2025-01-05T20:00:00+00:00,2.772820176245819,2.176678267885947,25.212985114909603,3.9377366782801397,66.0981948197881,44.17733443740562,66.44379397065367,1.9558753141386729,13.491185327102157,0.5618140876611085,1
TRK-002,"Chennai Egmore – Tamil Nadu, India",13.0732,80.2609,2025-01-05T21:00:00+00:00,2.0704325703471067,1.920265812228105,27.20324667355153,3.3252509704826934,72.93504540777178,53.90753869588777,56.421671960324,0.17131346310573398,7.583235298245406,0.5478279475939578,0
TRK-002,"Chennai Egmore – Tamil Nadu, India",13.0732,80.2609,2025-01-05T22:00:00+00:00,2.410788237095158,2.075183509230464,28.166973085460175,2.940778557247488,61.869653764986076,46.85864700435576,61.088075766841335,0.058409586307426056,7.766942206972182,0.6202830087193943,1
TRK-002,"Chennai Egmore – Tamil Nadu, India",13.0732,80.2609,2025-01-05T23:00:00+00:00,2.240111094336481,1.5664192596051085,26.205416595505994,3.8205924721833298,63.10887301858033,42.0557762899922,58.62419908018829,0.169112595108235,8.807479747667456,0.5642618154567375,1
TRK-002,"Chennai Egmore – Tamil Nadu, India",13.0732,80.2609,2025-01-06T00:00:00+00:00,1.227131288990479,1.4183158820019923,25.410093125145274,4.2930081112634655,75.53086308921567,51.17371486539188,57.66611085679814,0.31891842558663663,5.602683988467928,0.5358001816494616,0
TRK-002,"Chennai Egmore – Tamil Nadu, India",13.0732,80.2609,2025-01-06T01:00:00+00:00,2.6378215992051777,1.7203364886144477,28.129518968797832,2.867510036704788,60.140064794845756,38.252895790882775,65.46038037998595,0.921418218922151,8.902789618975367,0.540770832184395,0
TRK-002,"Chennai Egmore – Tamil Nadu, India",13.0732,80.2609,2025-01-06T02:00:00+00:00,1.9671009724571127,1.6364108187391535,24.95774292356511,3.807157240390466,56.61120049381022,42.62962360400065,59.95115736723993,0.0,0.0,0.5909917404779438,1
TRK-002,"Chennai Egmore – Tamil Nadu, India",13.0732,80.2609,2025-01-06T03:00:00+00:00,2.068559695390482,1.568038431235256,26.303367654038563,3.5718817462262624,65.10875311571847,48.31303022039067,55.96326206011771,0.07492343291928816,4.76465036564318,0.5624106217753306,1
TRK-002,"Chennai Egmore – Tamil Nadu, India",13.0732,80.2609,2025-01-06T04:00:00+00:00,1.582297326759949,1.6369304253242853,26.475479722202543,3.167416140630435,57.30404606659579,41.432167415905155,56.12014916149539,0.06994129741976436,5.192917773513688,0.6066770190622858,1
TRK-002,"Chennai Egmore – Tamil Nadu, India",13.0732,80.2609,2025-01-06T05:00:00+00:00,2.0360308684739383,1.938923102426738,28.54566120440516,3.1400477129095656,45.993421216326134,43.38345186611603,63.742143374363266,0.23651961591925735,4.82820974231778,0.6058664051169796,1
TRK-002,"Chennai Egmore – Tamil Nadu, India",13.0732,80.2609,2025-01-06T06:00:00+00:00,1.9591464604585573,1.6319071580272853,25.052844674744854,2.658303383953688,64.62489366196596,42.580593538925726,56.86325943975233,0.17586955131092258,11.983037410122202,0.5201754334641976,0
TRK-002,"Chennai Egmore – Tamil Nadu, India",13.0732,80.2609,2025-01-06T07:00:00+00:00,1.8876313722826246,1.7457450915175938,27.770451681637464,3.1597036891971024,65.77580667648236,49.005723450090095,58.0741678786417,0.056599474681469704,7.924509539545926,0.5683976223373035,1
TRK-002,"Chennai Egmore – Tamil Nadu, India",13.0732,80.2609,2025-01-06T08:00:00+00:00,2.4079411070442127,2.0032774141330063,25.85690509522479,3.3822337451178486,65.79709583206615,45.41188130785828,64.01454816064322,0.08095871706895312,1.6270018739492376,0.5761887994709104,1
TRK-002,"Chennai Egmore – Tamil Nadu, India",13.0732,80.2609,2025-01-06T09:00:00+00:00,2.7396446119005278,2.129847454548275,27.766113396503957,3.082455714369634,59.8339192643992,46.69872366678106,59.09859333198929,0.131173689943793,4.456342408312233,0.604968633761489,1
TRK-002,"Chennai Egmore – Tamil Nadu, India",13.0732,80.2609,2025-01-06T10:00:00+00:00,2.0218291998854636,1.5336266333183421,26.08777767938371,3.174680209463571,71.82495910657192,46.16811007736147,60.9105065191323,0.0,7.741307694491262,0.5652526971079096,1
TRK-002,"Chennai Egmore – Tamil Nadu, India",13.0732,80.2609,2025-01-06T11:00:00+00:00,2.5368252591789076,2.083942949672591,25.890655696039527,3.2379302932308534,58.45058546995703,44.198605602513695,53.84169378853228,0.34902053600131827,7.268149351855879,0.5846768542454618,1
TRK-002,"Chennai Egmore – Tamil Nadu, India",13.0732,80.2609,2025-01-06T12:00:00+00:00,1.7848118877776455,1.323365711354271,26.814397186304213,3.408582680125706,55.30676188274644,45.23993600767154,61.23139686044226,0.07059523662490848,9.316112383783521,0.5672766575013409,1
TRK-002,"Chennai Egmore – Tamil Nadu, India",13.0732,80.2609,2025-01-06T13:00:00+00:00,2.0174947209793324,1.8427062438443125,26.61722728317374,4.641692708949402,57.00972462536398,47.32630165310871,60.732926224635015,0.2941937747456166,9.79850900183161,0.6355610566807113,1
TRK-002,"Chennai Egmore – Tamil Nadu, India",13.0732,80.2609,2025-01-06T14:00:00+00:00,2.2364663211629274,1.1705816975555974,27.787953906054526,2.917615864013012,75.12470878167613,50.63928354737165,58.819829232144755,0.12416120437934225,2.604997938559333,0.5618648408808258,1
TRK-002,"Chennai Egmore – Tamil Nadu, India",13.0732,80.2609,2025-01-06T15:00:00+00:00,2.5652404229358106,1.6733784250357104,26.508578855931177,3.361845716203009,61.47989245850023,46.318081002526505,57.34223320429229,0.0,7.094697001869744,0.5466224101115543,0
TRK-002,"Chennai Egmore – Tamil Nadu, India",13.0732,80.2609,2025-01-06T16:00:00+00:00,2.412878969069376,1.8376878936264678,27.26483459111484,3.7850115183991466,42.14516646010112,38.999977454669015,71.10057044583044,0.08142932194983576,1.8882389821259706,0.5980536557239271,1
TRK-002,"Chennai Egmore – Tamil Nadu, India",13.0732,80.2609,2025-01-06T17:00:00+00:00,2.1647356224662855,2.0657262414985667,26.0482921114605,2.830258444232785,67.71731734185879,41.0749554331484,61.87826241359082,0.13414113438291442,7.183101400801503,0.6251902537684088,1
TRK-002,"Chennai Egmore – Tamil Nadu, India",13.0732,80.2609,2025-01-06T18:00:00+00:00,2.1255115563576736,1.8598449663931913,26.71775561482018,1.7440675080053722,63.79654563729342,51.901697859382125,63.19450926037168,0.011786949953870335,5.849378632498248,0.5667579263353933,1
TRK-002,"Chennai Egmore – Tamil Nadu, India",13.0732,80.2609,2025-01-06T19:00:00+00:00,2.4020739547174395,1.6979738333639256,25.85274437771163,2.8862750769401972,59.817887668085305,44.077938621222486,61.803034073265465,0.0,11.409171293525635,0.6078261343693367,1
TRK-002,"Chennai Egmore – Tamil Nadu, India",13.0732,80.2609,2025-01-06T20:00:00+00:00,1.8800586073926147,1.2735666988835708,25.37113654056317,2.3932961054779733,52.61721413730376,47.46179702904142,56.17162867387049,0.0,4.5651998464236785,0.5498568221392182,0
TRK-002,"Chennai Egmore – Tamil Nadu, India",13.0732,80.2609,2025-01-06T21:00:00+00:00,2.4531032741244516,2.026774384571524,25.32589020316618,2.748779043032991,69.99582037402317,47.08350297105643,58.08759415730453,0.0,6.870370519311955,0.5793955729334753,1
TRK-002,"Chennai Egmore – Tamil Nadu, India",13.0732,80.2609,2025-01-06T22:00:00+00:00,1.9933412756120377,1.6634885779534665,26.26589751826835,2.9525028899341383,53.65734245070172,37.19006605113266,58.75002695633718,0.3244553476351775,10.894810999696611,0.5644601651398552,1
TRK-002,"Chennai Egmore – Tamil Nadu, India",13.0732,80.2609,2025-01-06T23:00:00+00:00,2.9267684312261175,1.9692092197993654,26.76002786193166,2.7036893289415764,61.590406290535896,46.35489562757947,61.84811063804801,0.14100503900215372,4.41448331249446,0.5660378807237204,1
TRK-002,"Chennai Egmore – Tamil Nadu, India",13.0732,80.2609,2025-01-07T00:00:00+00:00,1.7534441584284233,1.6224137310504303,27.868179179302945,3.061194580654564,67.57955021366779,43.77269946664266,63.25075134396689,0.0,8.735194594050517,0.5528686491688741,1
TRK-002,"Chennai Egmore – Tamil Nadu, India",13.0732,80.2609,2025-01-07T01:00:00+00:00,2.3436484589259905,1.485553337773934,28.653233433460564,2.522206711876001,72.17394758397093,43.74975213471899,66.34416597308777,0.03814727825584376,6.514941425643682,0.5490881884971326,0
TRK-002,"Chennai Egmore – Tamil Nadu, India",13.0732,80.2609,2025-01-07T02:00:00+00:00,2.2017421480623183,1.8362902029878578,27.07129720727423,3.2089079668575944,49.34289421052736,51.584732514912005,71.17921704149718,0.15375728576981867,5.7859671604562255,0.6266930272421651,1
TRK-002,"Chennai Egmore – Tamil Nadu, India",13.0732,80.2609,2025-01-07T03:00:00+00:00,2.2637789318686328,1.5678854198661196,26.68199999129261,3.750499676667811,67.4218345908323,47.8301810432314,63.74457929399816,0.0,4.6737786279689395,0.5457602988744603,0
TRK-002,"Chennai Egmore – Tamil Nadu, India",13.0732,80.2609,2025-01-07T04:00:00+00:00,1.7072922745770116,1.397321637749177,26.3515308532953,3.5440040602367247,65.228576823328,51.09389036411468,70.39242215831321,0.11374477471074858,9.57481062211022,0.5844141285676496,1
TRK-002,"Chennai Egmore – Tamil Nadu, India",13.0732,80.2609,2025-01-07T05:00:00+00:00,2.056044277838999,1.6400349784720711,25.63407824328458,3.21383229578648,67.67269294139439,40.03035319656139,69.85431178017784,0.2067931818849928,12.359720798605023,0.5901773117197782,1
TRK-002,"Chennai Egmore – Tamil Nadu, India",13.0732,80.2609,2025-01-07T06:00:00+00:00,2.8320549972719613,2.277717929826502,26.469294320801918,3.519268122160397,62.789976897670876,46.59365724946838,64.9469453558082,0.12447297305891442,4.828848760151938,0.6405258908781972,1
TRK-002,"Chennai Egmore – Tamil Nadu, India",13.0732,80.2609,2025-01-07T07:00:00+00:00,2.1679471909385803,1.294132070981919,24.680377620232193,3.396318286912871,78.37375271984247,45.52870174772719,66.46517618511125,0.0,10.369306330782685,0.5594988483747777,1
TRK-002,"Chennai Egmore – Tamil Nadu, India",13.0732,80.2609,2025-01-07T08:00:00+00:00,1.7795862587441709,1.68029488584365,26.049929950678198,3.1405945244472138,61.05232404834991,44.376373926278724,65.50049261891803,0.11054649506152693,7.46594536171172,0.5296211657808331,0
TRK-002,"Chennai Egmore – Tamil Nadu, India",13.0732,80.2609,2025-01-07T09:00:00+00:00,2.534814674050545,1.7063598374808917,26.158601131030377,3.513811970146146,67.85021557055563,48.24636157203817,65.45743261601419,0.0,7.444536633614245,0.556930684889667,1
TRK-002,"Chennai Egmore – Tamil Nadu, India",13.0732,80.2609,2025-01-07T10:00:00+00:00,2.4302497784776995,1.4778276321981747,27.38900600714877,3.119067918755598,60.45654474080523,43.21098477536452,69.14930451758909,0.0,7.826910346987232,0.5628936178665344,1
TRK-002,"Chennai Egmore – Tamil Nadu, India",13.0732,80.2609,2025-01-07T11:00:00+00:00,2.1030168336450825,1.7408795849694982,27.77154155840054,2.710583407602454,57.669457451270425,45.911878420156185,67.1601053902387,0.20929742512636196,7.316659936434886,0.5794275038376918,1
TRK-002,"Chennai Egmore – Tamil Nadu, India",13.0732,80.2609,2025-01-07T12:00:00+00:00,1.6964065763252598,1.3979979310088564,25.97945083371127,3.8207256198183535,69.3851039627008,48.84322736725039,69.61543255270655,0.0,7.906123465300972,0.5660123533514995,1
TRK-002,"Chennai Egmore – Tamil Nadu, India",13.0732,80.2609,2025-01-07T13:00:00+00:00,2.005971081449824,1.5397638477251765,28.027038486715348,2.7790364537837493,71.57332503345035,36.479714861006386,63.446215240413046,0.018747098131126454,4.684744217685939,0.548626927226139,0
TRK-002,"Chennai Egmore – Tamil Nadu, India",13.0732,80.2609,2025-01-07T14:00:00+00:00,2.168058589050879,2.080198431528035,28.299695256529716,2.3017840248805888,72.68288786182713,49.65517713179291,61.51699385495012,0.17896912958575611,9.604973188661573,0.5633804616594427,1
TRK-002,"Chennai Egmore – Tamil Nadu, India",13.0732,80.2609,2025-01-07T15:00:00+00:00,1.3975490074096775,2.04672837663232,26.02450236445062,3.294317460643336,51.260920030908366,38.79678507516186,68.57721703570266,0.0,8.1282205950874,0.5577609602949904,1
TRK-002,"Chennai Egmore – Tamil Nadu, India",13.0732,80.2609,2025-01-07T16:00:00+00:00,2.168626501940951,1.7590022334603415,28.281512540332244,2.8859672808898176,64.13683205658889,46.0283045731633,69.87382757806306,0.13030407299487265,4.9121058327922364,0.5834218083930967,1
TRK-002,"Chennai Egmore – Tamil Nadu, India",13.0732,80.2609,2025-01-07T17:00:00+00:00,1.444929364734858,1.9343174853141638,26.701405661980438,2.486879263374723,66.42530820455099,50.0564255015185,65.75947518353016,0.17621550918805368,6.255130989190288,0.5512451172818015,1
TRK-002,"Chennai Egmore – Tamil Nadu, India",13.0732,80.2609,2025-01-07T18:00:00+00:00,2.244725313429286,2.051709118104611,28.402194285480824,2.796149634804344,66.82651472799091,42.30065370254965,69.2856011202578,0.3096543248082108,7.364858716540248,0.5704332958032247,1
TRK-002,"Chennai Egmore – Tamil Nadu, India",13.0732,80.2609,2025-01-07T19:00:00+00:00,1.7410383354454457,2.2669383708986137,28.453917287237257,3.188367550760502,58.78094137463896,46.57543252932702,73.7994114271976,0.40252618600940704,4.394505937102499,0.5580261192084655,1
TRK-002,"Chennai Egmore – Tamil Nadu, India",13.0732,80.2609,2025-01-07T20:00:00+00:00,1.8209018482124826,1.5528730970260918,28.328986228699645,3.8674867681150906,57.289143126278816,49.338206816871086,69.08911536583109,0.14110975812957022,14.048381183432145,0.5790619774751777,1
TRK-002,"Chennai Egmore – Tamil Nadu, India",13.0732,80.2609,2025-01-07T21:00:00+00:00,2.077821075862148,1.7548665196143929,26.672093988349943,3.0452176646560223,68.18011131664127,49.82944021031191,73.27888792740666,0.0,6.219770381635002,0.6326534719220794,1
TRK-002,"Chennai Egmore – Tamil Nadu, India",13.0732,80.2609,2025-01-07T22:00:00+00:00,1.6900630632569322,1.6697381582722928,26.209790040773374,2.902871842361099,65.11726868814048,43.52683174671694,69.80354259359477,0.17639770683491202,9.103076862173275,0.5999680769655625,1
TRK-002,"Chennai Egmore – Tamil Nadu, India",13.0732,80.2609,2025-01-07T23:00:00+00:00,2.2099121445530208,1.4933417742841801,27.14207824963665,2.8514478775478183,64.00208964831245,44.41180991654206,72.10424385746919,0.24478099014663773,4.386031339286562,0.5865227475274695,1
TRK-002,"Chennai Egmore – Tamil Nadu, India",13.0732,80.2609,2025-01-08T00:00:00+00:00,2.5246188520401747,1.4652107074904355,26.96273012227295,3.262360473138991,60.52566869227569,52.05447019728132,72.15732432453073,0.010241782164175428,0.0,0.5809020843929155,1
TRK-002,"Chennai Egmore – Tamil Nadu, India",13.0732,80.2609,2025-01-08T01:00:00+00:00,2.376194179994558,1.6431958441525438,27.105972852089014,2.7905481552694296,73.39868617447584,49.63002076778039,76.91462076847341,0.0,7.139880528382054,0.5826550407649014,1
TRK-002,"Chennai Egmore – Tamil Nadu, India",13.0732,80.2609,2025-01-08T02:00:00+00:00,1.9188225321969492,1.3167629948173034,29.128413226312883,2.4008494564638614,57.582357518731456,47.757756741776895,64.93941466578438,0.07361110416331067,7.589251796620107,0.6085042830569247,1
TRK-002,"Chennai Egmore – Tamil Nadu, India",13.0732,80.2609,2025-01-08T03:00:00+00:00,2.902914625070567,2.2951358322047497,26.063197812606724,2.3920634186230156,62.59734200288586,42.80926027808178,69.26918616445415,0.0689548953654765,13.234461614311602,0.5890184598643268,1
TRK-002,"Chennai Egmore – Tamil Nadu, India",13.0732,80.2609,2025-01-08T04:00:00+00:00,2.317778204661255,1.8808681001387564,25.626948563254924,2.7263584604730453,68.2341371132111,46.9259890713023,85.62249220569981,0.6914343443952438,8.240057282509365,0.6193246977069734,1
TRK-002,"Chennai Egmore – Tamil Nadu, India",13.0732,80.2609,2025-01-08T05:00:00+00:00,1.9728383605144748,1.7434136208072504,28.335433801806683,3.1839918365106628,55.71627445275354,42.31058555312644,77.26168614030699,0.14842410846945098,7.332623127267871,0.556771379891003,1
TRK-002,"Chennai Egmore – Tamil Nadu, India",13.0732,80.2609,2025-01-08T06:00:00+00:00,1.678427480678343,1.8463425432941696,25.54171064983492,3.312854260560006,61.16126980602637,43.021427553262356,70.21863584277993,0.0,3.9984229475278235,0.5603065349295105,1
TRK-002,"Chennai Egmore – Tamil Nadu, India",13.0732,80.2609,2025-01-08T07:00:00+00:00,2.4702385158726186,1.383963408615411,28.761205357528798,3.9281547699951034,68.12943293234392,49.491296112496464,68.16346154853751,0.0,9.652563216138361,0.6245442897142518,1
TRK-002,"Chennai Egmore – Tamil Nadu, India",13.0732,80.2609,2025-01-08T08:00:00+00:00,1.6127351769511615,1.6058774184379214,27.743216248143966,4.030219363402965,69.99371561639227,45.21785071029307,70.66763936714047,0.08587097896161874,6.133453056455639,0.5725027629781547,1
TRK-002,"Chennai Egmore – Tamil Nadu, India",13.0732,80.2609,2025-01-08T09:00:00+00:00,2.773936061764816,2.132809682503437,26.440827321799087,4.222555327943436,59.027238984232774,47.23157148666835,74.22441335715571,1.404522211194483,10.670217377060798,0.715230272522192,1
TRK-002,"Chennai Egmore – Tamil Nadu, India",13.0732,80.2609,2025-01-08T10:00:00+00:00,2.694217490528994,2.110984287054693,27.210171225014584,2.6031104197503256,75.88532522532037,50.14450777051531,68.64457773661378,0.11898531492881918,11.374169182643156,0.5798343026082604,1
TRK-002,"Chennai Egmore – Tamil Nadu, India",13.0732,80.2609,2025-01-08T11:00:00+00:00,1.8298666918520357,1.7503347395694806,28.436219788617926,2.1603947347461183,67.63968481613573,37.35478800732872,74.3157995966949,0.10869904214926862,8.578367954877697,0.5735036959414072,1
TRK-002,"Chennai Egmore – Tamil Nadu, India",13.0732,80.2609,2025-01-08T12:00:00+00:00,1.5477020444262948,1.7624487464198153,26.591435171286253,2.651250682293404,59.29048581564099,42.25227850684345,77.07115288729239,0.1846998202571664,8.91869313987163,0.6110625208934681,1
TRK-002,"Chennai Egmore – Tamil Nadu, India",13.0732,80.2609,2025-01-08T13:00:00+00:00,1.8486238228010854,1.5885607296837585,28.47442193759112,3.5115326779693583,66.57399336020077,53.73957456295757,68.5291225589441,0.12594453624457652,7.996049337520859,0.5995576859989575,1
TRK-002,"Chennai Egmore – Tamil Nadu, India",13.0732,80.2609,2025-01-08T14:00:00+00:00,2.1635514519212,1.9854262583531157,27.530630221650878,3.3296619416424744,58.736277355065496,42.07517004791214,82.29758234070499,0.12067262269544818,11.482060676337156,0.5790496213044805,1
TRK-002,"Chennai Egmore – Tamil Nadu, India",13.0732,80.2609,2025-01-08T15:00:00+00:00,2.6769711266913827,2.091138253404528,29.54192377159343,2.77673601606995,61.74018820631533,41.409481498217474,79.14074225534196,0.2229860975180174,7.582247186982204,0.6187749852874062,1
TRK-002,"Chennai Egmore – Tamil Nadu, India",13.0732,80.2609,2025-01-08T16:00:00+00:00,2.2565385055439546,2.0194626723140168,28.381832554900196,2.294453128099594,50.397830171322916,39.789112714369416,76.88765131881603,0.0768284054311163,11.051082469600187,0.5574389578917636,1
TRK-002,"Chennai Egmore – Tamil Nadu, India",13.0732,80.2609,2025-01-08T17:00:00+00:00,3.2171097985205863,2.099415685432457,24.687949777644324,4.551340644086442,67.83016788093269,55.89647660672377,95.38582427327128,3.7301371436493147,11.563781466400174,0.7136524305624762,1
TRK-002,"Chennai Egmore – Tamil Nadu, India",13.0732,80.2609,2025-01-08T18:00:00+00:00,2.777409040770373,1.9598176198335473,26.812794119760273,2.7465727371837563,65.23510115602974,45.968583899100885,84.95302463380204,2.232297945584989,12.180111467976179,0.6054351976387992,1
TRK-002,"Chennai Egmore – Tamil Nadu, India",13.0732,80.2609,2025-01-08T19:00:00+00:00,2.559458392620094,1.6880827472301787,27.410019008414494,3.2832944962787995,65.99177000833767,50.32981065707498,75.5536027167799,0.2520821941687427,5.507255702027715,0.5611942265272407,1
TRK-002,"Chennai Egmore – Tamil Nadu, India",13.0732,80.2609,2025-01-08T20:00:00+00:00,2.0434479638447005,1.88537911994305,26.976590202012357,4.147237472789968,77.38397345889551,47.47345196943361,72.17582975583154,0.028485035534295378,7.435661844049323,0.6516844732474469,1
TRK-002,"Chennai Egmore – Tamil Nadu, India",13.0732,80.2609,2025-01-08T21:00:00+00:00,2.249947859518932,2.0700205438890786,27.83538577002912,3.182206028359162,59.550292836782006,43.943952265919194,76.83672863131933,0.29382754710379116,7.038169992023273,0.5937697402632569,1
TRK-002,"Chennai Egmore – Tamil Nadu, India",13.0732,80.2609,2025-01-08T22:00:00+00:00,2.6080797412371934,1.5902070553206886,26.718988251658086,3.1534994287542655,74.61130736923727,44.75516041970886,70.95811469080846,0.22701937461198268,8.319692258690923,0.5896251449397232,1
TRK-002,"Chennai Egmore – Tamil Nadu, India",13.0732,80.2609,2025-01-08T23:00:00+00:00,2.303599601295679,2.1485634649394507,26.661621979752503,2.166401024152622,68.26386666042178,50.63204029312453,66.29580610946927,0.0,7.861931807727978,0.5834548925310065,1
TRK-002,"Chennai Egmore – Tamil Nadu, India",13.0732,80.2609,2025-01-09T00:00:00+00:00,2.1615204005007,1.560789447375636,27.96054361550675,3.365072986381612,52.821800557682124,47.104022862781264,72.83830880561392,0.0,10.467253112495253,0.6170855776454359,1
TRK-002,"Chennai Egmore – Tamil Nadu, India",13.0732,80.2609,2025-01-09T01:00:00+00:00,2.1082839272678857,1.5210758682193166,25.630666986451676,3.635539638230574,70.62816169239723,43.01331777211636,79.06894413337001,0.19126717828265483,8.990048502921475,0.5862221594315286,1
TRK-002,"Chennai Egmore – Tamil Nadu, India",13.0732,80.2609,2025-01-09T02:00:00+00:00,2.9933593691318876,1.5886998615108125,26.81498738723042,3.594457615149754,70.96331625927473,44.19511401888801,71.0535477388774,0.16586456620447992,7.429438089252916,0.6369010516919527,1
TRK-002,"Chennai Egmore – Tamil Nadu, India",13.0732,80.2609,2025-01-09T03:00:00+00:00,2.149531445607533,1.4982737662381362,27.649247820630137,3.4851757546171163,67.30449267119607,46.80238236615196,70.57042743511772,0.0,7.969592790576122,0.6144088750142124,1
TRK-002,"Chennai Egmore – Tamil Nadu, India",13.0732,80.2609,2025-01-09T04:00:00+00:00,1.8471929900107464,2.2220028137796737,29.3171378963416,2.4134732666650276,62.52089432172649,41.735176819172466,72.8168411264264,0.0,7.482826409848152,0.5894324021706324,1
TRK-002,"Chennai Egmore – Tamil Nadu, India",13.0732,80.2609,2025-01-09T05:00:00+00:00,1.8382144770172315,1.7462946028809376,28.745944690400187,2.499149744165438,62.79071829374189,46.72240119924968,76.40148673819327,0.23295087984576074,8.860711739725572,0.5947894941244607,1
TRK-002,"Chennai Egmore – Tamil Nadu, India",13.0732,80.2609,2025-01-09T06:00:00+00:00,2.048230688795198,1.882401332435239,27.385849699486247,2.4989747762363583,67.23428615165409,42.30780330532177,77.18415155784348,0.12461211686634358,5.664858279468491,0.5954799887786446,1
TRK-002,"Chennai Egmore – Tamil Nadu, India",13.0732,80.2609,2025-01-09T07:00:00+00:00,2.435228056356903,2.076181289200418,27.18687002942344,4.237441008316202,73.83719382647101,46.56128895532836,75.67887067128483,0.0,7.04951552860093,0.6000627722322964,1
